form	wsafter	anas	lemma	xpostag	NER-BIO
Valahol	" "	[{"lemma": "valahol", "tag": "[/Adv|Pro]", "morphana": "valahol[/Adv|Pro]=valahol", "readable": "valahol[/Adv|Pro]", "twolevel": "v:v a:a l:l a:a h:h o:o l:l :[/Adv|Pro]"}]	valahol	[/Adv|Pro]	O
a	" "	[{"lemma": "a", "tag": "[/Det|Art.Def]", "morphana": "a[/Det|Art.Def]=a", "readable": "a[/Det|Art.Def]", "twolevel": "a:a :[/Det|Art.Def]"}, {"lemma": "a", "tag": "[/Det|Pro|(Post)]", "morphana": "a[/Det|Pro|(Post)]=a", "readable": "a[/Det|Pro|(Post)]", "twolevel": "a:a :[/Det|Pro|(Post)]"}, {"lemma": "a", "tag": "[/N][Nom]", "morphana": "a[/N|Ltr]=a+[Nom]=", "readable": "a[/N|Ltr] + [Nom]", "twolevel": "a:a :[/N|Ltr] :[Nom]"}, {"lemma": "a", "tag": "[/N|Pro|(Post)][Nom]", "morphana": "a[/N|Pro|(Post)]=a+[Nom]=", "readable": "a[/N|Pro|(Post)] + [Nom]", "twolevel": "a:a :[/N|Pro|(Post)] :[Nom]"}]	a	[/Det|Art.Def]	O
Nagy	" "	[{"lemma": "Nagy", "tag": "[/N][Nom]", "morphana": "Nagy[/N]=Nagy+[Nom]=", "readable": "Nagy[/N] + [Nom]", "twolevel": "N:N a:a g:g y:y :[/N] :[Nom]"}, {"lemma": "nagy", "tag": "[/Adj][Nom]", "morphana": "nagy[/Adj]=nagy+[Nom]=", "readable": "nagy[/Adj] + [Nom]", "twolevel": "n:n a:a g:g y:y :[/Adj] :[Nom]"}, {"lemma": "nagy", "tag": "[/Adv|AdjMod]", "morphana": "nagy[/Adv|AdjMod]=nagy", "readable": "nagy[/Adv|AdjMod]", "twolevel": "n:n a:a g:g y:y :[/Adv|AdjMod]"}]	Nagy	[/N][Nom]	B-ORG
Magyar	" "	[{"lemma": "Magyar", "tag": "[/N][Nom]", "morphana": "Magyar[/N]=Magyar+[Nom]=", "readable": "Magyar[/N] + [Nom]", "twolevel": "M:M a:a g:g y:y a:a r:r :[/N] :[Nom]"}, {"lemma": "magyar", "tag": "[/Adj][Nom]", "morphana": "magyar[/Adj|nat]=magyar+[Nom]=", "readable": "magyar[/Adj|nat] + [Nom]", "twolevel": "m:m a:a g:g y:y a:a r:r :[/Adj|nat] :[Nom]"}]	Magyar	[/N][Nom]	I-ORG
Alföldnek	" "	[{"lemma": "Alföld", "tag": "[/N][Dat]", "morphana": "Alföld[/N]=Alföld+nek[Dat]=nek", "readable": "Alföld[/N] + nek[Dat]", "twolevel": "A:A l:l f:f ö:ö l:l d:d :[/N] n:n e:e k:k :[Dat]"}, {"lemma": "alföld", "tag": "[/N][Dat]", "morphana": "al[/CmpdPfx]=al+föld[/N]=föld+nek[Dat]=nek", "readable": "al[/CmpdPfx] + föld[/N] + nek[Dat]", "twolevel": "a:a l:l :[/CmpdPfx] f:f ö:ö l:l d:d :[/N] n:n e:e k:k :[Dat]"}, {"lemma": "alföld", "tag": "[/N][Dat]", "morphana": "alföld[/N]=alföld+nek[Dat]=nek", "readable": "alföld[/N] + nek[Dat]", "twolevel": "a:a l:l f:f ö:ö l:l d:d :[/N] n:n e:e k:k :[Dat]"}]	Alföld	[/N][Dat]	E-ORG
egy	" "	[{"lemma": "egy", "tag": "[/Det|Art.NDef]", "morphana": "egy[/Det|Art.NDef]=egy", "readable": "egy[/Det|Art.NDef]", "twolevel": "e:e g:g y:y :[/Det|Art.NDef]"}, {"lemma": "egy", "tag": "[/Num][Nom]", "morphana": "egy[/Num]=egy+[Nom]=", "readable": "egy[/Num] + [Nom]", "twolevel": "e:e g:g y:y :[/Num] :[Nom]"}, {"lemma": "egy", "tag": "[/N|Pro][Nom]", "morphana": "egy[/N|Pro]=egy+[Nom]=", "readable": "egy[/N|Pro] + [Nom]", "twolevel": "e:e g:g y:y :[/N|Pro] :[Nom]"}]	egy	[/Det|Art.NDef]	O
kicsike	" "	[{"lemma": "kicsike", "tag": "[/Adj][Nom]", "morphana": "kicsike[/Adj]=kicsike+[Nom]=", "readable": "kicsike[/Adj] + [Nom]", "twolevel": "k:k i:i c:c s:s i:i k:k e:e :[/Adj] :[Nom]"}]	kicsike	[/Adj][Nom]	O
tanyáján	" "	[{"lemma": "tanya", "tag": "[/N][Poss.3Sg][Supe]", "morphana": "tanya[/N]=tanyá+ja[Poss.3Sg]=já+n[Supe]=n", "readable": "tanya[/N]=tanyá + ja[Poss.3Sg]=já + n[Supe]", "twolevel": "t:t a:a n:n y:y á:a :[/N] j:j á:a :[Poss.3Sg] n:n :[Supe]"}]	tanya	[/N][Poss.3Sg][Supe]	O
éldegélt	" "	[{"lemma": "éldegél", "tag": "[/V][Pst.NDef.3Sg]", "morphana": "éldegél[/V]=éldegél+t[Pst.NDef.3Sg]=t", "readable": "éldegél[/V] + t[Pst.NDef.3Sg]", "twolevel": "é:é l:l d:d e:e g:g é:é l:l :[/V] t:t :[Pst.NDef.3Sg]"}, {"lemma": "éldegélt", "tag": "[/Adj][Nom]", "morphana": "éldegél[/V]=éldegél+t[_PerfPtcp/Adj]=t+[Nom]=", "readable": "éldegél[/V] + t[_PerfPtcp/Adj] + [Nom]", "twolevel": "é:é l:l d:d e:e g:g é:é l:l :[/V] t:t :[_PerfPtcp/Adj] :[Nom]"}]	éldegél	[/V][Pst.NDef.3Sg]	O
egy	" "	[{"lemma": "egy", "tag": "[/Det|Art.NDef]", "morphana": "egy[/Det|Art.NDef]=egy", "readable": "egy[/Det|Art.NDef]", "twolevel": "e:e g:g y:y :[/Det|Art.NDef]"}, {"lemma": "egy", "tag": "[/Num][Nom]", "morphana": "egy[/Num]=egy+[Nom]=", "readable": "egy[/Num] + [Nom]", "twolevel": "e:e g:g y:y :[/Num] :[Nom]"}, {"lemma": "egy", "tag": "[/N|Pro][Nom]", "morphana": "egy[/N|Pro]=egy+[Nom]=", "readable": "egy[/N|Pro] + [Nom]", "twolevel": "e:e g:g y:y :[/N|Pro] :[Nom]"}]	egy	[/Det|Art.NDef]	O
család	""	[{"lemma": "család", "tag": "[/N][Nom]", "morphana": "család[/N]=család+[Nom]=", "readable": "család[/N] + [Nom]", "twolevel": "c:c s:s a:a l:l á:á d:d :[/N] :[Nom]"}]	család	[/N][Nom]	O
,	" "	[{"lemma": ",", "tag": "[Punct]", "morphana": "", "readable": "", "twolevel": ""}]	,	[Punct]	O
apa	""	[{"lemma": "apa", "tag": "[/N][Nom]", "morphana": "apa[/N]=apa+[Nom]=", "readable": "apa[/N] + [Nom]", "twolevel": "a:a p:p a:a :[/N] :[Nom]"}]	apa	[/N][Nom]	O
,	" "	[{"lemma": ",", "tag": "[Punct]", "morphana": "", "readable": "", "twolevel": ""}]	,	[Punct]	O
anya	" "	[{"lemma": "anya", "tag": "[/N][Nom]", "morphana": "anya[/N]=anya+[Nom]=", "readable": "anya[/N] + [Nom]", "twolevel": "a:a n:n y:y a:a :[/N] :[Nom]"}]	anya	[/N][Nom]	O
és	" "	[{"lemma": "és", "tag": "[/Cnj]", "morphana": "és[/Cnj]=és", "readable": "és[/Cnj]", "twolevel": "é:é s:s :[/Cnj]"}]	és	[/Cnj]	O
két	" "	[{"lemma": "két", "tag": "[/Num|Attr][Nom]", "morphana": "két[/Num|Attr]=két+[Nom]=", "readable": "két[/Num|Attr] + [Nom]", "twolevel": "k:k é:é t:t :[/Num|Attr] :[Nom]"}]	két	[/Num|Attr][Nom]	O
gyerek	""	[{"lemma": "gyerek", "tag": "[/N][Nom]", "morphana": "gyerek[/N]=gyerek+[Nom]=", "readable": "gyerek[/N] + [Nom]", "twolevel": "g:g y:y e:e r:r e:e k:k :[/N] :[Nom]"}]	gyerek	[/N][Nom]	O
,	" "	[{"lemma": ",", "tag": "[Punct]", "morphana": "", "readable": "", "twolevel": ""}]	,	[Punct]	O
mind	" "	[{"lemma": "mind", "tag": "[/Adv]", "morphana": "mind[/Adv]=mind", "readable": "mind[/Adv]", "twolevel": "m:m i:i n:n d:d :[/Adv]"}, {"lemma": "mind", "tag": "[/Adv|Pro]", "morphana": "mind[/Adv|Pro]=mind", "readable": "mind[/Adv|Pro]", "twolevel": "m:m i:i n:n d:d :[/Adv|Pro]"}, {"lemma": "mind", "tag": "[/Cnj]", "morphana": "mind[/Cnj]=mind", "readable": "mind[/Cnj]", "twolevel": "m:m i:i n:n d:d :[/Cnj]"}, {"lemma": "mind", "tag": "[/Det]", "morphana": "mind[/Det]=mind", "readable": "mind[/Det]", "twolevel": "m:m i:i n:n d:d :[/Det]"}, {"lemma": "mind", "tag": "[/N|Pro][Nom]", "morphana": "mind[/N|Pro]=mind+[Nom]=", "readable": "mind[/N|Pro] + [Nom]", "twolevel": "m:m i:i n:n d:d :[/N|Pro] :[Nom]"}]	mind	[/Cnj]	O
pogácsakedvelők	""	[{"lemma": "pogácsakedvelő", "tag": "[/Adj][Pl][Nom]", "morphana": "pogácsa[/N]=pogácsa+kedvel[/V]=kedvel+ő[_ImpfPtcp/Adj]=ő+k[Pl]=k+[Nom]=", "readable": "pogácsa[/N] + kedvel[/V] + ő[_ImpfPtcp/Adj] + k[Pl] + [Nom]", "twolevel": "p:p o:o g:g á:á c:c s:s a:a :[/N] k:k e:e d:d v:v e:e l:l :[/V] ő:ő :[_ImpfPtcp/Adj] k:k :[Pl] :[Nom]"}, {"lemma": "pogácsakedvelő", "tag": "[/Adj][Pl][Nom]", "morphana": "pogácsa[/N]=pogácsa+kedvelő[/Adj]=kedvelő+k[Pl]=k+[Nom]=", "readable": "pogácsa[/N] + kedvelő[/Adj] + k[Pl] + [Nom]", "twolevel": "p:p o:o g:g á:á c:c s:s a:a :[/N] k:k e:e d:d v:v e:e l:l ő:ő :[/Adj] k:k :[Pl] :[Nom]"}, {"lemma": "pogácsakedvelő", "tag": "[/N][Pl][Nom]", "morphana": "pogácsa[/N]=pogácsa+kedvelő[/N]=kedvelő+k[Pl]=k+[Nom]=", "readable": "pogácsa[/N] + kedvelő[/N] + k[Pl] + [Nom]", "twolevel": "p:p o:o g:g á:á c:c s:s a:a :[/N] k:k e:e d:d v:v e:e l:l ő:ő :[/N] k:k :[Pl] :[Nom]"}]	pogácsakedvelő	[/N][Pl][Nom]	O
.	" "	[{"lemma": ".", "tag": "[Punct]", "morphana": "", "readable": "", "twolevel": ""}]	.	[Punct]	O

Ha	" "	[{"lemma": "ha", "tag": "[/Cnj]", "morphana": "ha[/Cnj]=ha", "readable": "ha[/Cnj]", "twolevel": "h:h a:a :[/Cnj]"}, {"lemma": "ha", "tag": "[/Inj-Utt]", "morphana": "ha[/Inj-Utt]=ha", "readable": "ha[/Inj-Utt]", "twolevel": "h:h a:a :[/Inj-Utt]"}, {"lemma": "ha", "tag": "[/N][Nom]", "morphana": "ha[/N|Unit|Abbr]=ha+[Nom]=", "readable": "ha[/N|Unit|Abbr] + [Nom]", "twolevel": "h:h a:a :[/N|Unit|Abbr] :[Nom]"}]	ha	[/Cnj]	O
a	" "	[{"lemma": "a", "tag": "[/Det|Art.Def]", "morphana": "a[/Det|Art.Def]=a", "readable": "a[/Det|Art.Def]", "twolevel": "a:a :[/Det|Art.Def]"}, {"lemma": "a", "tag": "[/Det|Pro|(Post)]", "morphana": "a[/Det|Pro|(Post)]=a", "readable": "a[/Det|Pro|(Post)]", "twolevel": "a:a :[/Det|Pro|(Post)]"}, {"lemma": "a", "tag": "[/N][Nom]", "morphana": "a[/N|Ltr]=a+[Nom]=", "readable": "a[/N|Ltr] + [Nom]", "twolevel": "a:a :[/N|Ltr] :[Nom]"}, {"lemma": "a", "tag": "[/N|Pro|(Post)][Nom]", "morphana": "a[/N|Pro|(Post)]=a+[Nom]=", "readable": "a[/N|Pro|(Post)] + [Nom]", "twolevel": "a:a :[/N|Pro|(Post)] :[Nom]"}]	a	[/Det|Art.Def]	O
mamának	" "	[{"lemma": "mama", "tag": "[/N][Dat]", "morphana": "mama[/N]=mamá+nak[Dat]=nak", "readable": "mama[/N]=mamá + nak[Dat]", "twolevel": "m:m a:a m:m á:a :[/N] n:n a:a k:k :[Dat]"}]	mama	[/N][Dat]	O
volt	" "	[{"lemma": "van", "tag": "[/V][Pst.NDef.3Sg]", "morphana": "van[/V]=vol+t[Pst.NDef.3Sg]=t", "readable": "van[/V]=vol + t[Pst.NDef.3Sg]", "twolevel": "v:v o:a l:n :[/V] t:t :[Pst.NDef.3Sg]"}, {"lemma": "volt", "tag": "[/Adj][Nom]", "morphana": "van[/V]=vol+t[_PerfPtcp/Adj]=t+[Nom]=", "readable": "van[/V]=vol + t[_PerfPtcp/Adj] + [Nom]", "twolevel": "v:v o:a l:n :[/V] t:t :[_PerfPtcp/Adj] :[Nom]"}, {"lemma": "volt", "tag": "[/Adj|Attr][Nom]", "morphana": "volt[/Adj|Attr]=volt+[Nom]=", "readable": "volt[/Adj|Attr] + [Nom]", "twolevel": "v:v o:o l:l t:t :[/Adj|Attr] :[Nom]"}, {"lemma": "volt", "tag": "[/N][Nom]", "morphana": "volt[/N|Unit]=volt+[Nom]=", "readable": "volt[/N|Unit] + [Nom]", "twolevel": "v:v o:o l:l t:t :[/N|Unit] :[Nom]"}]	van	[/V][Pst.NDef.3Sg]	O
rá	" "	[{"lemma": "ő", "tag": "[/N|Pro][Subl][3Sg]", "morphana": "ő[/N|Pro]=+rá[Subl]=rá+[3Sg]=", "readable": "ő[/N|Pro]= + rá[Subl] + [3Sg]", "twolevel": ":ő :[/N|Pro] r:r á:á :[Subl] :[ :3 :S :g :]"}, {"lemma": "rá", "tag": "[/Prev]", "morphana": "rá[/Prev]=rá", "readable": "rá[/Prev]", "twolevel": "r:r á:á :[/Prev]"}]	ő	[/N|Pro][Subl][3Sg]	O
ideje	""	[{"lemma": "idő", "tag": "[/N][Poss.3Sg][Nom]", "morphana": "idő[/N]=ide+je[Poss.3Sg]=je+[Nom]=", "readable": "idő[/N]=ide + je[Poss.3Sg] + [Nom]", "twolevel": "i:i d:d e:ő :[/N] j:j e:e :[Poss.3Sg] :[Nom]"}, {"lemma": "idő", "tag": "[/N][_Tmp_Ante/Adv]", "morphana": "idő[/N]=ide+je[_Tmp_Ante/Adv]=je", "readable": "idő[/N]=ide + je[_Tmp_Ante/Adv]", "twolevel": "i:i d:d e:ő :[/N] j:j e:e :[_Tmp_Ante/Adv]"}]	idő	[/N][Poss.3Sg][Nom]	O
,	" "	[{"lemma": ",", "tag": "[Punct]", "morphana": "", "readable": "", "twolevel": ""}]	,	[Punct]	O
s	" "	[{"lemma": "s", "tag": "[/Cnj]", "morphana": "s[/Cnj]=s", "readable": "s[/Cnj]", "twolevel": "s:s :[/Cnj]"}, {"lemma": "s", "tag": "[/N][Nom]", "morphana": "s[/N|Ltr]=s+[Nom]=", "readable": "s[/N|Ltr] + [Nom]", "twolevel": "s:s :[/N|Ltr] :[Nom]"}, {"lemma": "s", "tag": "[/N][Nom]", "morphana": "s[/N|Unit|Abbr]=s+[Nom]=", "readable": "s[/N|Unit|Abbr] + [Nom]", "twolevel": "s:s :[/N|Unit|Abbr] :[Nom]"}]	s	[/Cnj]	O
kedvében	" "	[{"lemma": "kedv", "tag": "[/N][Poss.3Sg][Ine]", "morphana": "kedv[/N]=kedv+e[Poss.3Sg]=é+ben[Ine]=ben", "readable": "kedv[/N] + e[Poss.3Sg]=é + ben[Ine]", "twolevel": "k:k e:e d:d v:v :[/N] é:e :[Poss.3Sg] b:b e:e n:n :[Ine]"}, {"lemma": "kedv", "tag": "[/N][AnP][Ine]", "morphana": "kedv[/N]=kedv+é[AnP]=é+ben[Ine]=ben", "readable": "kedv[/N] + é[AnP] + ben[Ine]", "twolevel": "k:k e:e d:d v:v :[/N] é:é :[AnP] b:b e:e n:n :[Ine]"}]	kedv	[/N][Poss.3Sg][Ine]	O
akart	" "	[{"lemma": "akar", "tag": "[/V][Pst.NDef.3Sg]", "morphana": "akar[/V]=akar+t[Pst.NDef.3Sg]=t", "readable": "akar[/V] + t[Pst.NDef.3Sg]", "twolevel": "a:a k:k a:a r:r :[/V] t:t :[Pst.NDef.3Sg]"}, {"lemma": "akart", "tag": "[/Adj][Nom]", "morphana": "akar[/V]=akar+t[_PerfPtcp/Adj]=t+[Nom]=", "readable": "akar[/V] + t[_PerfPtcp/Adj] + [Nom]", "twolevel": "a:a k:k a:a r:r :[/V] t:t :[_PerfPtcp/Adj] :[Nom]"}]	akar	[/V][Pst.NDef.3Sg]	O
járni	" "	[{"lemma": "jár", "tag": "[/V][Inf]", "morphana": "jár[/V]=jár+ni[Inf]=ni", "readable": "jár[/V] + ni[Inf]", "twolevel": "j:j á:á r:r :[/V] n:n i:i :[Inf]"}]	jár	[/V][Inf]	O
övéinek	""	[{"lemma": "öv", "tag": "[/N][AnP.Pl][Dat]", "morphana": "öv[/N]=öv+éi[AnP.Pl]=éi+nek[Dat]=nek", "readable": "öv[/N] + éi[AnP.Pl] + nek[Dat]", "twolevel": "ö:ö v:v :[/N] é:é i:i :[AnP.Pl] n:n e:e k:k :[Dat]"}, {"lemma": "ő", "tag": "[/N|Pro][AnP.Pl][3Sg][Dat]", "morphana": "ő[/N|Pro]=öv+éi[AnP.Pl]=éi+[3Sg]=+nek[Dat]=nek", "readable": "ő[/N|Pro]=öv + éi[AnP.Pl] + [3Sg] + nek[Dat]", "twolevel": "ö:ő v: :[/N|Pro] é:é i:i :[AnP.Pl] :[ :3 :S :g :] n:n e:e k:k :[Dat]"}]	ő	[/N|Pro][AnP.Pl][3Sg][Dat]	O
,	" "	[{"lemma": ",", "tag": "[Punct]", "morphana": "", "readable": "", "twolevel": ""}]	,	[Punct]	O
sütött	" "	[{"lemma": "süt", "tag": "[/V][Pst.NDef.3Sg]", "morphana": "süt[/V]=süt+ött[Pst.NDef.3Sg]=ött", "readable": "süt[/V] + ött[Pst.NDef.3Sg]", "twolevel": "s:s ü:ü t:t :[/V] ö:ö t:t t:t :[Pst.NDef.3Sg]"}, {"lemma": "sütött", "tag": "[/Adj][Nom]", "morphana": "süt[/V]=süt+ött[_PerfPtcp/Adj]=ött+[Nom]=", "readable": "süt[/V] + ött[_PerfPtcp/Adj] + [Nom]", "twolevel": "s:s ü:ü t:t :[/V] ö:ö t:t t:t :[_PerfPtcp/Adj] :[Nom]"}]	süt	[/V][Pst.NDef.3Sg]	O
nekik	" "	[{"lemma": "ők", "tag": "[/N|Pro][Dat][3Pl]", "morphana": "ők[/N|Pro]=+neki[Dat]=nek+ik[3Pl]=ik", "readable": "ők[/N|Pro]= + neki[Dat]=nek + ik[3Pl]", "twolevel": ":ő :k :[/N|Pro] n:n e:e k:k :i :[Dat] i:i k:k :[3Pl]"}]	ők	[/N|Pro][Dat][3Pl]	O
egy	" "	[{"lemma": "egy", "tag": "[/Det|Art.NDef]", "morphana": "egy[/Det|Art.NDef]=egy", "readable": "egy[/Det|Art.NDef]", "twolevel": "e:e g:g y:y :[/Det|Art.NDef]"}, {"lemma": "egy", "tag": "[/Num][Nom]", "morphana": "egy[/Num]=egy+[Nom]=", "readable": "egy[/Num] + [Nom]", "twolevel": "e:e g:g y:y :[/Num] :[Nom]"}, {"lemma": "egy", "tag": "[/N|Pro][Nom]", "morphana": "egy[/N|Pro]=egy+[Nom]=", "readable": "egy[/N|Pro] + [Nom]", "twolevel": "e:e g:g y:y :[/N|Pro] :[Nom]"}]	egy	[/Det|Art.NDef]	O
nagy	" "	[{"lemma": "nagy", "tag": "[/Adj][Nom]", "morphana": "nagy[/Adj]=nagy+[Nom]=", "readable": "nagy[/Adj] + [Nom]", "twolevel": "n:n a:a g:g y:y :[/Adj] :[Nom]"}, {"lemma": "nagy", "tag": "[/Adv|AdjMod]", "morphana": "nagy[/Adv|AdjMod]=nagy", "readable": "nagy[/Adv|AdjMod]", "twolevel": "n:n a:a g:g y:y :[/Adv|AdjMod]"}]	nagy	[/Adj][Nom]	O
tepsi	" "	[{"lemma": "tepsi", "tag": "[/N][Nom]", "morphana": "tepsi[/N]=tepsi+[Nom]=", "readable": "tepsi[/N] + [Nom]", "twolevel": "t:t e:e p:p s:s i:i :[/N] :[Nom]"}]	tepsi	[/N][Nom]	O
pogácsát	""	[{"lemma": "pogácsa", "tag": "[/N][Acc]", "morphana": "pogácsa[/N]=pogácsá+t[Acc]=t", "readable": "pogácsa[/N]=pogácsá + t[Acc]", "twolevel": "p:p o:o g:g á:á c:c s:s á:a :[/N] t:t :[Acc]"}]	pogácsa	[/N][Acc]	O
.	"\n\n"	[{"lemma": ".", "tag": "[Punct]", "morphana": "", "readable": "", "twolevel": ""}]	.	[Punct]	O

Egyszer	" "	[{"lemma": "egy", "tag": "[/Num][_Mlt-Iter/Adv]", "morphana": "egy[/Num]=egy+szer[_Mlt-Iter/Adv]=szer", "readable": "egy[/Num] + szer[_Mlt-Iter/Adv]", "twolevel": "e:e g:g y:y :[/Num] s:s z:z e:e r:r :[_Mlt-Iter/Adv]"}, {"lemma": "egyszer", "tag": "[/Adv]", "morphana": "egyszer[/Adv]=egyszer", "readable": "egyszer[/Adv]", "twolevel": "e:e g:g y:y s:s z:z e:e r:r :[/Adv]"}]	egyszer	[/Adv]	O
azonban	" "	[{"lemma": "azonban", "tag": "[/Cnj]", "morphana": "azonban[/Cnj]=azonban", "readable": "azonban[/Cnj]", "twolevel": "a:a z:z o:o n:n b:b a:a n:n :[/Cnj]"}]	azonban	[/Cnj]	O
liszt	" "	[{"lemma": "liszt", "tag": "[/N][Nom]", "morphana": "liszt[/N]=liszt+[Nom]=", "readable": "liszt[/N] + [Nom]", "twolevel": "l:l i:i s:s z:z t:t :[/N] :[Nom]"}]	liszt	[/N][Nom]	O
helyett	" "	[{"lemma": "helyett", "tag": "[/Post]", "morphana": "helyett[/Post]=helyett", "readable": "helyett[/Post]", "twolevel": "h:h e:e l:l y:y e:e t:t t:t :[/Post]"}]	helyett	[/Post]	O
mérges	" "	[{"lemma": "mérges", "tag": "[/Adj][Nom]", "morphana": "méreg[/N]=mérg+es[_Adjz:s/Adj]=es+[Nom]=", "readable": "méreg[/N]=mérg + es[_Adjz:s/Adj] + [Nom]", "twolevel": "m:m é:é r:r :e g:g :[/N] e:e s:s :[_Adjz:s/Adj] :[Nom]"}, {"lemma": "mérges", "tag": "[/N][Nom]", "morphana": "méreg[/N]=mérg+es[_Nz:s/N]=es+[Nom]=", "readable": "méreg[/N]=mérg + es[_Nz:s/N] + [Nom]", "twolevel": "m:m é:é r:r :e g:g :[/N] e:e s:s :[_Nz:s/N] :[Nom]"}, {"lemma": "mérges", "tag": "[/Adj][Nom]", "morphana": "mérges[/Adj]=mérges+[Nom]=", "readable": "mérges[/Adj] + [Nom]", "twolevel": "m:m é:é r:r g:g e:e s:s :[/Adj] :[Nom]"}]	mérges	[/Adj][Nom]	O
rovarirtószert	" "	[{"lemma": "rovarirtószer", "tag": "[/N][Acc]", "morphana": "rovar[/N]=rovar+irt[/V]=irt+ó[_ImpfPtcp/Adj]=ó+szer[/N]=szer+t[Acc]=t", "readable": "rovar[/N] + irt[/V] + ó[_ImpfPtcp/Adj] + szer[/N] + t[Acc]", "twolevel": "r:r o:o v:v a:a r:r :[/N] i:i r:r t:t :[/V] ó:ó :[_ImpfPtcp/Adj] s:s z:z e:e r:r :[/N] t:t :[Acc]"}, {"lemma": "rovarirtószer", "tag": "[/N][Acc]", "morphana": "rovar[/N]=rovar+irtó[/N]=irtó+szer[/N]=szer+t[Acc]=t", "readable": "rovar[/N] + irtó[/N] + szer[/N] + t[Acc]", "twolevel": "r:r o:o v:v a:a r:r :[/N] i:i r:r t:t ó:ó :[/N] s:s z:z e:e r:r :[/N] t:t :[Acc]"}, {"lemma": "rovarirtószer", "tag": "[/N][Acc]", "morphana": "rovar[/N]=rovar+irtószer[/N]=irtószer+t[Acc]=t", "readable": "rovar[/N] + irtószer[/N] + t[Acc]", "twolevel": "r:r o:o v:v a:a r:r :[/N] i:i r:r t:t ó:ó s:s z:z e:e r:r :[/N] t:t :[Acc]"}, {"lemma": "rovarirtószer", "tag": "[/N][Acc]", "morphana": "rovarirtó[/N]=rovarirtó+szer[/N]=szer+t[Acc]=t", "readable": "rovarirtó[/N] + szer[/N] + t[Acc]", "twolevel": "r:r o:o v:v a:a r:r i:i r:r t:t ó:ó :[/N] s:s z:z e:e r:r :[/N] t:t :[Acc]"}]	rovarirtószer	[/N][Acc]	O
gyúrt	" "	[{"lemma": "gyúr", "tag": "[/V][Pst.NDef.3Sg]", "morphana": "gyúr[/V]=gyúr+t[Pst.NDef.3Sg]=t", "readable": "gyúr[/V] + t[Pst.NDef.3Sg]", "twolevel": "g:g y:y ú:ú r:r :[/V] t:t :[Pst.NDef.3Sg]"}, {"lemma": "gyúrt", "tag": "[/Adj][Nom]", "morphana": "gyúr[/V]=gyúr+t[_PerfPtcp/Adj]=t+[Nom]=", "readable": "gyúr[/V] + t[_PerfPtcp/Adj] + [Nom]", "twolevel": "g:g y:y ú:ú r:r :[/V] t:t :[_PerfPtcp/Adj] :[Nom]"}]	gyúr	[/V][Pst.NDef.3Sg]	O
a	" "	[{"lemma": "a", "tag": "[/Det|Art.Def]", "morphana": "a[/Det|Art.Def]=a", "readable": "a[/Det|Art.Def]", "twolevel": "a:a :[/Det|Art.Def]"}, {"lemma": "a", "tag": "[/Det|Pro|(Post)]", "morphana": "a[/Det|Pro|(Post)]=a", "readable": "a[/Det|Pro|(Post)]", "twolevel": "a:a :[/Det|Pro|(Post)]"}, {"lemma": "a", "tag": "[/N][Nom]", "morphana": "a[/N|Ltr]=a+[Nom]=", "readable": "a[/N|Ltr] + [Nom]", "twolevel": "a:a :[/N|Ltr] :[Nom]"}, {"lemma": "a", "tag": "[/N|Pro|(Post)][Nom]", "morphana": "a[/N|Pro|(Post)]=a+[Nom]=", "readable": "a[/N|Pro|(Post)] + [Nom]", "twolevel": "a:a :[/N|Pro|(Post)] :[Nom]"}]	a	[/Det|Art.Def]	O
tésztába	""	[{"lemma": "tészta", "tag": "[/N][Ill]", "morphana": "tészta[/N]=tésztá+ba[Ill]=ba", "readable": "tészta[/N]=tésztá + ba[Ill]", "twolevel": "t:t é:é s:s z:z t:t á:a :[/N] b:b a:a :[Ill]"}]	tészta	[/N][Ill]	O
.	" "	[{"lemma": ".", "tag": "[Punct]", "morphana": "", "readable": "", "twolevel": ""}]	.	[Punct]	O

Ízre	" "	[{"lemma": "íz", "tag": "[/N][Subl]", "morphana": "íz[/N]=íz+re[Subl]=re", "readable": "íz[/N] + re[Subl]", "twolevel": "í:í z:z :[/N] r:r e:e :[Subl]"}]	íz	[/N][Subl]	O
nem	" "	[{"lemma": "nem", "tag": "[/Adv]", "morphana": "nem[/Adv]=nem", "readable": "nem[/Adv]", "twolevel": "n:n e:e m:m :[/Adv]"}, {"lemma": "nem", "tag": "[/Inj-Utt]", "morphana": "nem[/Inj-Utt]=nem", "readable": "nem[/Inj-Utt]", "twolevel": "n:n e:e m:m :[/Inj-Utt]"}, {"lemma": "nem", "tag": "[/N][Nom]", "morphana": "nem[/N]=nem+[Nom]=", "readable": "nem[/N] + [Nom]", "twolevel": "n:n e:e m:m :[/N] :[Nom]"}]	nem	[/Adv]	O
volt	" "	[{"lemma": "van", "tag": "[/V][Pst.NDef.3Sg]", "morphana": "van[/V]=vol+t[Pst.NDef.3Sg]=t", "readable": "van[/V]=vol + t[Pst.NDef.3Sg]", "twolevel": "v:v o:a l:n :[/V] t:t :[Pst.NDef.3Sg]"}, {"lemma": "volt", "tag": "[/Adj][Nom]", "morphana": "van[/V]=vol+t[_PerfPtcp/Adj]=t+[Nom]=", "readable": "van[/V]=vol + t[_PerfPtcp/Adj] + [Nom]", "twolevel": "v:v o:a l:n :[/V] t:t :[_PerfPtcp/Adj] :[Nom]"}, {"lemma": "volt", "tag": "[/Adj|Attr][Nom]", "morphana": "volt[/Adj|Attr]=volt+[Nom]=", "readable": "volt[/Adj|Attr] + [Nom]", "twolevel": "v:v o:o l:l t:t :[/Adj|Attr] :[Nom]"}, {"lemma": "volt", "tag": "[/N][Nom]", "morphana": "volt[/N|Unit]=volt+[Nom]=", "readable": "volt[/N|Unit] + [Nom]", "twolevel": "v:v o:o l:l t:t :[/N|Unit] :[Nom]"}]	van	[/V][Pst.NDef.3Sg]	O
rosszabb	""	[{"lemma": "rossz", "tag": "[/Adj][_Comp/Adj][Nom]", "morphana": "rossz[/Adj]=rossz+abb[_Comp/Adj]=abb+[Nom]=", "readable": "rossz[/Adj] + abb[_Comp/Adj] + [Nom]", "twolevel": "r:r o:o s:s s:s z:z :[/Adj] a:a b:b b:b :[_Comp/Adj] :[Nom]"}, {"lemma": "rossz", "tag": "[/Adj][_Comp/Adj][Nom]", "morphana": "rossz[/Adj]=rossz+abb[_Comp/Adj]=abb+[Nom]=", "readable": "rossz[/Adj] + abb[_Comp/Adj] + [Nom]", "twolevel": "r:r o:o s:s s:s z:z :[/Adj] a:a b:b b:b :[_Comp/Adj] :[Nom]"}]	rossz	[/Adj][_Comp/Adj][Nom]	O
,	" "	[{"lemma": ",", "tag": "[Punct]", "morphana": "", "readable": "", "twolevel": ""}]	,	[Punct]	O
így	" "	[{"lemma": "így", "tag": "[/Adv|Pro]", "morphana": "így[/Adv|Pro]=így", "readable": "így[/Adv|Pro]", "twolevel": "í:í g:g y:y :[/Adv|Pro]"}, {"lemma": "így", "tag": "[/Cnj]", "morphana": "így[/Cnj]=így", "readable": "így[/Cnj]", "twolevel": "í:í g:g y:y :[/Cnj]"}]	így	[/Cnj]	O
hát	" "	[{"lemma": "hát", "tag": "[/Adv]", "morphana": "hát[/Adv]=hát", "readable": "hát[/Adv]", "twolevel": "h:h á:á t:t :[/Adv]"}, {"lemma": "hát", "tag": "[/Cnj]", "morphana": "hát[/Cnj]=hát", "readable": "hát[/Cnj]", "twolevel": "h:h á:á t:t :[/Cnj]"}, {"lemma": "hát", "tag": "[/Inj-Utt]", "morphana": "hát[/Inj-Utt]=hát", "readable": "hát[/Inj-Utt]", "twolevel": "h:h á:á t:t :[/Inj-Utt]"}, {"lemma": "hát", "tag": "[/N][Nom]", "morphana": "hát[/N]=hát+[Nom]=", "readable": "hát[/N] + [Nom]", "twolevel": "h:h á:á t:t :[/N] :[Nom]"}]	hát	[/Adv]	O
jól	" "	[{"lemma": "jó", "tag": "[/Adj][_Manner/Adv]", "morphana": "jó[/Adj]=jó+l[_Manner/Adv]=l", "readable": "jó[/Adj] + l[_Manner/Adv]", "twolevel": "j:j ó:ó :[/Adj] l:l :[_Manner/Adv]"}]	jó	[/Adj][_Manner/Adv]	O
bepogácsáztak	""	[{"lemma": "bepogácsáz", "tag": "[/V][Pst.NDef.3Pl]", "morphana": "be[/Prev]=be+pogácsa[/N]=pogácsá+z[_NVbz_Tr:z/V]=z+tak[Pst.NDef.3Pl]=tak", "readable": "be[/Prev] + pogácsa[/N]=pogácsá + z[_NVbz_Tr:z/V] + tak[Pst.NDef.3Pl]", "twolevel": "b:b e:e :[/Prev] p:p o:o g:g á:á c:c s:s á:a :[/N] z:z :[_NVbz_Tr:z/V] t:t a:a k:k :[Pst.NDef.3Pl]"}, {"lemma": "bepogácsázik", "tag": "[/V][Pst.NDef.3Pl]", "morphana": "be[/Prev]=be+pogácsa[/N]=pogácsá+zik[_NVbz_Ntr:zik/V]=z+tak[Pst.NDef.3Pl]=tak", "readable": "be[/Prev] + pogácsa[/N]=pogácsá + zik[_NVbz_Ntr:zik/V]=z + tak[Pst.NDef.3Pl]", "twolevel": "b:b e:e :[/Prev] p:p o:o g:g á:á c:c s:s á:a :[/N] z:z :i :k :[_NVbz_Ntr:zik/V] t:t a:a k:k :[Pst.NDef.3Pl]"}]	bepogácsázik	[/V][Pst.NDef.3Pl]	O
,	" "	[{"lemma": ",", "tag": "[Punct]", "morphana": "", "readable": "", "twolevel": ""}]	,	[Punct]	O
s	" "	[{"lemma": "s", "tag": "[/Cnj]", "morphana": "s[/Cnj]=s", "readable": "s[/Cnj]", "twolevel": "s:s :[/Cnj]"}, {"lemma": "s", "tag": "[/N][Nom]", "morphana": "s[/N|Ltr]=s+[Nom]=", "readable": "s[/N|Ltr] + [Nom]", "twolevel": "s:s :[/N|Ltr] :[Nom]"}, {"lemma": "s", "tag": "[/N][Nom]", "morphana": "s[/N|Unit|Abbr]=s+[Nom]=", "readable": "s[/N|Unit|Abbr] + [Nom]", "twolevel": "s:s :[/N|Unit|Abbr] :[Nom]"}]	s	[/Cnj]	O
reggelre	" "	[{"lemma": "reggel", "tag": "[/N][Subl]", "morphana": "reggel[/N]=reggel+re[Subl]=re", "readable": "reggel[/N] + re[Subl]", "twolevel": "r:r e:e g:g g:g e:e l:l :[/N] r:r e:e :[Subl]"}]	reggel	[/N][Subl]	O
meghaltak	" "	[{"lemma": "meghalt", "tag": "[/Adj][Pl][Nom]", "morphana": "meg[/Prev]=meg+hal[/V]=hal+t[_PerfPtcp/Adj]=t+ak[Pl]=ak+[Nom]=", "readable": "meg[/Prev] + hal[/V] + t[_PerfPtcp/Adj] + ak[Pl] + [Nom]", "twolevel": "m:m e:e g:g :[/Prev] h:h a:a l:l :[/V] t:t :[_PerfPtcp/Adj] a:a k:k :[Pl] :[Nom]"}, {"lemma": "meghal", "tag": "[/V][Pst.NDef.3Pl]", "morphana": "meg[/Prev]=meg+hal[/V]=hal+tak[Pst.NDef.3Pl]=tak", "readable": "meg[/Prev] + hal[/V] + tak[Pst.NDef.3Pl]", "twolevel": "m:m e:e g:g :[/Prev] h:h a:a l:l :[/V] t:t a:a k:k :[Pst.NDef.3Pl]"}]	meghal	[/V][Pst.NDef.3Pl]	O
mind	" "	[{"lemma": "mind", "tag": "[/Adv]", "morphana": "mind[/Adv]=mind", "readable": "mind[/Adv]", "twolevel": "m:m i:i n:n d:d :[/Adv]"}, {"lemma": "mind", "tag": "[/Adv|Pro]", "morphana": "mind[/Adv|Pro]=mind", "readable": "mind[/Adv|Pro]", "twolevel": "m:m i:i n:n d:d :[/Adv|Pro]"}, {"lemma": "mind", "tag": "[/Cnj]", "morphana": "mind[/Cnj]=mind", "readable": "mind[/Cnj]", "twolevel": "m:m i:i n:n d:d :[/Cnj]"}, {"lemma": "mind", "tag": "[/Det]", "morphana": "mind[/Det]=mind", "readable": "mind[/Det]", "twolevel": "m:m i:i n:n d:d :[/Det]"}, {"lemma": "mind", "tag": "[/N|Pro][Nom]", "morphana": "mind[/N|Pro]=mind+[Nom]=", "readable": "mind[/N|Pro] + [Nom]", "twolevel": "m:m i:i n:n d:d :[/N|Pro] :[Nom]"}]	mind	[/N|Pro][Nom]	O
a	" "	[{"lemma": "a", "tag": "[/Det|Art.Def]", "morphana": "a[/Det|Art.Def]=a", "readable": "a[/Det|Art.Def]", "twolevel": "a:a :[/Det|Art.Def]"}, {"lemma": "a", "tag": "[/Det|Pro|(Post)]", "morphana": "a[/Det|Pro|(Post)]=a", "readable": "a[/Det|Pro|(Post)]", "twolevel": "a:a :[/Det|Pro|(Post)]"}, {"lemma": "a", "tag": "[/N][Nom]", "morphana": "a[/N|Ltr]=a+[Nom]=", "readable": "a[/N|Ltr] + [Nom]", "twolevel": "a:a :[/N|Ltr] :[Nom]"}, {"lemma": "a", "tag": "[/N|Pro|(Post)][Nom]", "morphana": "a[/N|Pro|(Post)]=a+[Nom]=", "readable": "a[/N|Pro|(Post)] + [Nom]", "twolevel": "a:a :[/N|Pro|(Post)] :[Nom]"}]	a	[/Det|Art.Def]	O
négyen	""	[{"lemma": "négy", "tag": "[/Num][Supe]", "morphana": "négy[/Num]=négy+en[Supe]=en", "readable": "négy[/Num] + en[Supe]", "twolevel": "n:n é:é g:g y:y :[/Num] e:e n:n :[Supe]"}, {"lemma": "négy", "tag": "[/Num][_Aggreg/Adv]", "morphana": "négy[/Num]=négy+en[_Aggreg/Adv]=en", "readable": "négy[/Num] + en[_Aggreg/Adv]", "twolevel": "n:n é:é g:g y:y :[/Num] e:e n:n :[_Aggreg/Adv]"}, {"lemma": "négy", "tag": "[/Num][_Manner/Adv]", "morphana": "négy[/Num]=négy+en[_Manner/Adv]=en", "readable": "négy[/Num] + en[_Manner/Adv]", "twolevel": "n:n é:é g:g y:y :[/Num] e:e n:n :[_Manner/Adv]"}]	négy	[/Num][_Manner/Adv]	O
,	" "	[{"lemma": ",", "tag": "[Punct]", "morphana": "", "readable": "", "twolevel": ""}]	,	[Punct]	O
az	" "	[{"lemma": "az", "tag": "[/Det|Art.Def]", "morphana": "az[/Det|Art.Def]=az", "readable": "az[/Det|Art.Def]", "twolevel": "a:a z:z :[/Det|Art.Def]"}, {"lemma": "az", "tag": "[/Det|Pro][Nom]", "morphana": "az[/Det|Pro]=az+[Nom]=", "readable": "az[/Det|Pro] + [Nom]", "twolevel": "a:a z:z :[/Det|Pro] :[Nom]"}, {"lemma": "az", "tag": "[/N|Pro][Nom]", "morphana": "az[/N|Pro]=az+[Nom]=", "readable": "az[/N|Pro] + [Nom]", "twolevel": "a:a z:z :[/N|Pro] :[Nom]"}]	az	[/Det|Art.Def]	O
apa	""	[{"lemma": "apa", "tag": "[/N][Nom]", "morphana": "apa[/N]=apa+[Nom]=", "readable": "apa[/N] + [Nom]", "twolevel": "a:a p:p a:a :[/N] :[Nom]"}]	apa	[/N][Nom]	O
,	" "	[{"lemma": ",", "tag": "[Punct]", "morphana": "", "readable": "", "twolevel": ""}]	,	[Punct]	O
az	" "	[{"lemma": "az", "tag": "[/Det|Art.Def]", "morphana": "az[/Det|Art.Def]=az", "readable": "az[/Det|Art.Def]", "twolevel": "a:a z:z :[/Det|Art.Def]"}, {"lemma": "az", "tag": "[/Det|Pro][Nom]", "morphana": "az[/Det|Pro]=az+[Nom]=", "readable": "az[/Det|Pro] + [Nom]", "twolevel": "a:a z:z :[/Det|Pro] :[Nom]"}, {"lemma": "az", "tag": "[/N|Pro][Nom]", "morphana": "az[/N|Pro]=az+[Nom]=", "readable": "az[/N|Pro] + [Nom]", "twolevel": "a:a z:z :[/N|Pro] :[Nom]"}]	az	[/Det|Art.Def]	O
anya	""	[{"lemma": "anya", "tag": "[/N][Nom]", "morphana": "anya[/N]=anya+[Nom]=", "readable": "anya[/N] + [Nom]", "twolevel": "a:a n:n y:y a:a :[/N] :[Nom]"}]	anya	[/N][Nom]	O
,	" "	[{"lemma": ",", "tag": "[Punct]", "morphana": "", "readable": "", "twolevel": ""}]	,	[Punct]	O
a	" "	[{"lemma": "a", "tag": "[/Det|Art.Def]", "morphana": "a[/Det|Art.Def]=a", "readable": "a[/Det|Art.Def]", "twolevel": "a:a :[/Det|Art.Def]"}, {"lemma": "a", "tag": "[/Det|Pro|(Post)]", "morphana": "a[/Det|Pro|(Post)]=a", "readable": "a[/Det|Pro|(Post)]", "twolevel": "a:a :[/Det|Pro|(Post)]"}, {"lemma": "a", "tag": "[/N][Nom]", "morphana": "a[/N|Ltr]=a+[Nom]=", "readable": "a[/N|Ltr] + [Nom]", "twolevel": "a:a :[/N|Ltr] :[Nom]"}, {"lemma": "a", "tag": "[/N|Pro|(Post)][Nom]", "morphana": "a[/N|Pro|(Post)]=a+[Nom]=", "readable": "a[/N|Pro|(Post)] + [Nom]", "twolevel": "a:a :[/N|Pro|(Post)] :[Nom]"}]	a	[/Det|Art.Def]	O
gyerekek	""	[{"lemma": "gyerek", "tag": "[/N][Pl][Nom]", "morphana": "gyerek[/N]=gyerek+ek[Pl]=ek+[Nom]=", "readable": "gyerek[/N] + ek[Pl] + [Nom]", "twolevel": "g:g y:y e:e r:r e:e k:k :[/N] e:e k:k :[Pl] :[Nom]"}]	gyerek	[/N][Pl][Nom]	O
.	"\n\n"	[{"lemma": ".", "tag": "[Punct]", "morphana": "", "readable": "", "twolevel": ""}]	.	[Punct]	O

Negyednap	" "	[{"lemma": "negyednap", "tag": "[/N][Nom]", "morphana": "negyed[/N]=negyed+nap[/N]=nap+[Nom]=", "readable": "negyed[/N] + nap[/N] + [Nom]", "twolevel": "n:n e:e g:g y:y e:e d:d :[/N] n:n a:a p:p :[/N] :[Nom]"}, {"lemma": "negyednap", "tag": "[/N][_Tmp_Loc/Adv]", "morphana": "négy[/Num]=negy+ed[_Ord/Adj]=ed+nap[/N]=nap+[_Tmp_Loc/Adv]=", "readable": "négy[/Num]=negy + ed[_Ord/Adj] + nap[/N] + [_Tmp_Loc/Adv]", "twolevel": "n:n e:é g:g y:y :[/Num] e:e d:d :[_Ord/Adj] n:n a:a p:p :[/N] :[_Tmp_Loc/Adv]"}, {"lemma": "negyednap", "tag": "[/N][Nom]", "morphana": "négy[/Num]=negy+ed[_Ord/Adj]=ed+nap[/N]=nap+[Nom]=", "readable": "négy[/Num]=negy + ed[_Ord/Adj] + nap[/N] + [Nom]", "twolevel": "n:n e:é g:g y:y :[/Num] e:e d:d :[_Ord/Adj] n:n a:a p:p :[/N] :[Nom]"}]	negyednap	[/N][Nom]	O
eltemették	" "	[{"lemma": "eltemette", "tag": "[/Adj][Pl][Nom]", "morphana": "el[/Prev]=el+temet[/V]=temet+te[_PerfPtcp_Subj=tA/Adj]=té+k[Pl]=k+[Nom]=", "readable": "el[/Prev] + temet[/V] + te[_PerfPtcp_Subj=tA/Adj]=té + k[Pl] + [Nom]", "twolevel": "e:e l:l :[/Prev] t:t e:e m:m e:e t:t :[/V] t:t é:e :[_PerfPtcp_Subj=tA/Adj] k:k :[Pl] :[Nom]"}, {"lemma": "eltemet", "tag": "[/V][Pst.Def.3Pl]", "morphana": "el[/Prev]=el+temet[/V]=temet+ték[Pst.Def.3Pl]=ték", "readable": "el[/Prev] + temet[/V] + ték[Pst.Def.3Pl]", "twolevel": "e:e l:l :[/Prev] t:t e:e m:m e:e t:t :[/V] t:t é:é k:k :[Pst.Def.3Pl]"}]	eltemet	[/V][Pst.Def.3Pl]	O
őket	""	[{"lemma": "ők", "tag": "[/N|Pro][3Pl][Acc]", "morphana": "ők[/N|Pro]=ő+k[3Pl]=k+et[Acc]=et", "readable": "ők[/N|Pro]=ő + k[3Pl] + et[Acc]", "twolevel": "ő:ő :k :[/N|Pro] k:k :[3Pl] e:e t:t :[Acc]"}]	ők	[/N|Pro][3Pl][Acc]	O
,	" "	[{"lemma": ",", "tag": "[Punct]", "morphana": "", "readable": "", "twolevel": ""}]	,	[Punct]	O
s	" "	[{"lemma": "s", "tag": "[/Cnj]", "morphana": "s[/Cnj]=s", "readable": "s[/Cnj]", "twolevel": "s:s :[/Cnj]"}, {"lemma": "s", "tag": "[/N][Nom]", "morphana": "s[/N|Ltr]=s+[Nom]=", "readable": "s[/N|Ltr] + [Nom]", "twolevel": "s:s :[/N|Ltr] :[Nom]"}, {"lemma": "s", "tag": "[/N][Nom]", "morphana": "s[/N|Unit|Abbr]=s+[Nom]=", "readable": "s[/N|Unit|Abbr] + [Nom]", "twolevel": "s:s :[/N|Unit|Abbr] :[Nom]"}]	s	[/Cnj]	O
aztán	" "	[{"lemma": "aztán", "tag": "[/Adv|Pro]", "morphana": "aztán[/Adv|Pro]=aztán", "readable": "aztán[/Adv|Pro]", "twolevel": "a:a z:z t:t á:á n:n :[/Adv|Pro]"}]	aztán	[/Adv|Pro]	O
összejött	" "	[{"lemma": "összejön", "tag": "[/V][Pst.NDef.3Sg]", "morphana": "össze[/Prev]=össze+jön[/V]=jö+tt[Pst.NDef.3Sg]=tt", "readable": "össze[/Prev] + jön[/V]=jö + tt[Pst.NDef.3Sg]", "twolevel": "ö:ö s:s s:s z:z e:e :[/Prev] j:j ö:ö :n :[/V] t:t t:t :[Pst.NDef.3Sg]"}, {"lemma": "összejött", "tag": "[/Adj][Nom]", "morphana": "össze[/Prev]=össze+jön[/V]=jö+tt[_PerfPtcp/Adj]=tt+[Nom]=", "readable": "össze[/Prev] + jön[/V]=jö + tt[_PerfPtcp/Adj] + [Nom]", "twolevel": "ö:ö s:s s:s z:z e:e :[/Prev] j:j ö:ö :n :[/V] t:t t:t :[_PerfPtcp/Adj] :[Nom]"}]	összejön	[/V][Pst.NDef.3Sg]	O
a	" "	[{"lemma": "a", "tag": "[/Det|Art.Def]", "morphana": "a[/Det|Art.Def]=a", "readable": "a[/Det|Art.Def]", "twolevel": "a:a :[/Det|Art.Def]"}, {"lemma": "a", "tag": "[/Det|Pro|(Post)]", "morphana": "a[/Det|Pro|(Post)]=a", "readable": "a[/Det|Pro|(Post)]", "twolevel": "a:a :[/Det|Pro|(Post)]"}, {"lemma": "a", "tag": "[/N][Nom]", "morphana": "a[/N|Ltr]=a+[Nom]=", "readable": "a[/N|Ltr] + [Nom]", "twolevel": "a:a :[/N|Ltr] :[Nom]"}, {"lemma": "a", "tag": "[/N|Pro|(Post)][Nom]", "morphana": "a[/N|Pro|(Post)]=a+[Nom]=", "readable": "a[/N|Pro|(Post)] + [Nom]", "twolevel": "a:a :[/N|Pro|(Post)] :[Nom]"}]	a	[/Det|Art.Def]	O
rokonság	""	[{"lemma": "rokonság", "tag": "[/N][Nom]", "morphana": "rokon[/Adj]=rokon+ság[_Nz_Abstr/N]=ság+[Nom]=", "readable": "rokon[/Adj] + ság[_Nz_Abstr/N] + [Nom]", "twolevel": "r:r o:o k:k o:o n:n :[/Adj] s:s á:á g:g :[_Nz_Abstr/N] :[Nom]"}, {"lemma": "rokonság", "tag": "[/N][Nom]", "morphana": "rokon[/N]=rokon+ság[_Nz_Abstr/N]=ság+[Nom]=", "readable": "rokon[/N] + ság[_Nz_Abstr/N] + [Nom]", "twolevel": "r:r o:o k:k o:o n:n :[/N] s:s á:á g:g :[_Nz_Abstr/N] :[Nom]"}, {"lemma": "rokonság", "tag": "[/N][Nom]", "morphana": "rokonság[/N]=rokonság+[Nom]=", "readable": "rokonság[/N] + [Nom]", "twolevel": "r:r o:o k:k o:o n:n s:s á:á g:g :[/N] :[Nom]"}]	rokonság	[/N][Nom]	O
,	" "	[{"lemma": ",", "tag": "[Punct]", "morphana": "", "readable": "", "twolevel": ""}]	,	[Punct]	O
meg	" "	[{"lemma": "meg", "tag": "[/Cnj]", "morphana": "meg[/Cnj]=meg", "readable": "meg[/Cnj]", "twolevel": "m:m e:e g:g :[/Cnj]"}, {"lemma": "meg", "tag": "[/Prev]", "morphana": "meg[/Prev]=meg", "readable": "meg[/Prev]", "twolevel": "m:m e:e g:g :[/Prev]"}]	meg	[/Cnj]	O
a	" "	[{"lemma": "a", "tag": "[/Det|Art.Def]", "morphana": "a[/Det|Art.Def]=a", "readable": "a[/Det|Art.Def]", "twolevel": "a:a :[/Det|Art.Def]"}, {"lemma": "a", "tag": "[/Det|Pro|(Post)]", "morphana": "a[/Det|Pro|(Post)]=a", "readable": "a[/Det|Pro|(Post)]", "twolevel": "a:a :[/Det|Pro|(Post)]"}, {"lemma": "a", "tag": "[/N][Nom]", "morphana": "a[/N|Ltr]=a+[Nom]=", "readable": "a[/N|Ltr] + [Nom]", "twolevel": "a:a :[/N|Ltr] :[Nom]"}, {"lemma": "a", "tag": "[/N|Pro|(Post)][Nom]", "morphana": "a[/N|Pro|(Post)]=a+[Nom]=", "readable": "a[/N|Pro|(Post)] + [Nom]", "twolevel": "a:a :[/N|Pro|(Post)] :[Nom]"}]	a	[/Det|Art.Def]	O
közeli	" "	[{"lemma": "közeli", "tag": "[/Adj][Nom]", "morphana": "közel[/Adv]=közel+i[_Adjz:i/Adj]=i+[Nom]=", "readable": "közel[/Adv] + i[_Adjz:i/Adj] + [Nom]", "twolevel": "k:k ö:ö z:z e:e l:l :[/Adv] i:i :[_Adjz:i/Adj] :[Nom]"}, {"lemma": "közeli", "tag": "[/Adj][Nom]", "morphana": "közel[/N]=közel+i[_Adjz:i/Adj]=i+[Nom]=", "readable": "közel[/N] + i[_Adjz:i/Adj] + [Nom]", "twolevel": "k:k ö:ö z:z e:e l:l :[/N] i:i :[_Adjz:i/Adj] :[Nom]"}, {"lemma": "közeli", "tag": "[/Adj][Nom]", "morphana": "közel[/Post|(All)]=közel+i[_Adjz:i/Adj]=i+[Nom]=", "readable": "közel[/Post|(All)] + i[_Adjz:i/Adj] + [Nom]", "twolevel": "k:k ö:ö z:z e:e l:l :[/Post|(All)] i:i :[_Adjz:i/Adj] :[Nom]"}]	közeli	[/Adj][Nom]	O
és	" "	[{"lemma": "és", "tag": "[/Cnj]", "morphana": "és[/Cnj]=és", "readable": "és[/Cnj]", "twolevel": "é:é s:s :[/Cnj]"}]	és	[/Cnj]	O
távolabbi	" "	[{"lemma": "távolabbi", "tag": "[/Adj][Nom]", "morphana": "távol[/Adv]=távol+abb[_Comp/Adv]=abb+i[_Adjz:i/Adj]=i+[Nom]=", "readable": "távol[/Adv] + abb[_Comp/Adv] + i[_Adjz:i/Adj] + [Nom]", "twolevel": "t:t á:á v:v o:o l:l :[/Adv] a:a b:b b:b :[_Comp/Adv] i:i :[_Adjz:i/Adj] :[Nom]"}, {"lemma": "távolabbi", "tag": "[/Adj][Nom]", "morphana": "távol[/Post|(Abl)]=távol+abb[_Comp/Post|(Abl)]=abb+i[_Adjz:i/Adj]=i+[Nom]=", "readable": "távol[/Post|(Abl)] + abb[_Comp/Post|(Abl)] + i[_Adjz:i/Adj] + [Nom]", "twolevel": "t:t á:á v:v o:o l:l :[/Post|(Abl)] a:a b:b b:b :[_Comp/Post|(Abl)] i:i :[_Adjz:i/Adj] :[Nom]"}]	távolabbi	[/Adj][Nom]	O
szomszédok	""	[{"lemma": "szomszéd", "tag": "[/N][Pl][Nom]", "morphana": "szomszéd[/N]=szomszéd+ok[Pl]=ok+[Nom]=", "readable": "szomszéd[/N] + ok[Pl] + [Nom]", "twolevel": "s:s z:z o:o m:m s:s z:z é:é d:d :[/N] o:o k:k :[Pl] :[Nom]"}]	szomszéd	[/N][Pl][Nom]	O
,	" "	[{"lemma": ",", "tag": "[Punct]", "morphana": "", "readable": "", "twolevel": ""}]	,	[Punct]	O
ahogy	" "	[{"lemma": "ahogy", "tag": "[/Adv|Pro|Rel]", "morphana": "ahogy[/Adv|Pro|Rel]=ahogy", "readable": "ahogy[/Adv|Pro|Rel]", "twolevel": "a:a h:h o:o g:g y:y :[/Adv|Pro|Rel]"}, {"lemma": "ahogy", "tag": "[/Cnj]", "morphana": "ahogy[/Cnj]=ahogy", "readable": "ahogy[/Cnj]", "twolevel": "a:a h:h o:o g:g y:y :[/Cnj]"}]	ahogy	[/Adv|Pro|Rel]	O
az	" "	[{"lemma": "az", "tag": "[/Det|Art.Def]", "morphana": "az[/Det|Art.Def]=az", "readable": "az[/Det|Art.Def]", "twolevel": "a:a z:z :[/Det|Art.Def]"}, {"lemma": "az", "tag": "[/Det|Pro][Nom]", "morphana": "az[/Det|Pro]=az+[Nom]=", "readable": "az[/Det|Pro] + [Nom]", "twolevel": "a:a z:z :[/Det|Pro] :[Nom]"}, {"lemma": "az", "tag": "[/N|Pro][Nom]", "morphana": "az[/N|Pro]=az+[Nom]=", "readable": "az[/N|Pro] + [Nom]", "twolevel": "a:a z:z :[/N|Pro] :[Nom]"}]	az	[/Det|Pro][Nom]	O
már	" "	[{"lemma": "már", "tag": "[/Adv]", "morphana": "már[/Adv]=már", "readable": "már[/Adv]", "twolevel": "m:m á:á r:r :[/Adv]"}]	már	[/Adv]	O
illik	""	[{"lemma": "illik", "tag": "[/V][Prs.Def.3Pl]", "morphana": "illik[/V]=ill+ik[Prs.Def.3Pl]=ik", "readable": "illik[/V]=ill + ik[Prs.Def.3Pl]", "twolevel": "i:i l:l l:l :i :k :[/V] i:i k:k :[Prs.Def.3Pl]"}, {"lemma": "illik", "tag": "[/V][Prs.NDef.3Sg]", "morphana": "illik[/V]=ill+ik[Prs.NDef.3Sg]=ik", "readable": "illik[/V]=ill + ik[Prs.NDef.3Sg]", "twolevel": "i:i l:l l:l :i :k :[/V] i:i k:k :[Prs.NDef.3Sg]"}]	illik	[/V][Prs.NDef.3Sg]	O
,	" "	[{"lemma": ",", "tag": "[Punct]", "morphana": "", "readable": "", "twolevel": ""}]	,	[Punct]	O
halotti	" "	[{"lemma": "halotti", "tag": "[/Adj][Nom]", "morphana": "halott[/N]=halott+i[_Adjz:i/Adj]=i+[Nom]=", "readable": "halott[/N] + i[_Adjz:i/Adj] + [Nom]", "twolevel": "h:h a:a l:l o:o t:t t:t :[/N] i:i :[_Adjz:i/Adj] :[Nom]"}, {"lemma": "halotti", "tag": "[/Adj][Nom]", "morphana": "halotti[/Adj]=halotti+[Nom]=", "readable": "halotti[/Adj] + [Nom]", "twolevel": "h:h a:a l:l o:o t:t t:t i:i :[/Adj] :[Nom]"}]	halotti	[/Adj][Nom]	O
torra	""	[{"lemma": "tor", "tag": "[/N][Subl]", "morphana": "tor[/N]=tor+ra[Subl]=ra", "readable": "tor[/N] + ra[Subl]", "twolevel": "t:t o:o r:r :[/N] r:r a:a :[Subl]"}]	tor	[/N][Subl]	O
.	" "	[{"lemma": ".", "tag": "[Punct]", "morphana": "", "readable": "", "twolevel": ""}]	.	[Punct]	O

Homoki	" "	[{"lemma": "homoki", "tag": "[/Adj][Nom]", "morphana": "Homok[/N]=homok+i[_Adjz:i/Adj]=i+[Nom]=", "readable": "Homok[/N]=homok + i[_Adjz:i/Adj] + [Nom]", "twolevel": "h:H o:o m:m o:o k:k :[/N] i:i :[_Adjz:i/Adj] :[Nom]"}, {"lemma": "homoki", "tag": "[/Adj][Nom]", "morphana": "homok[/N]=homok+i[_Adjz:i/Adj]=i+[Nom]=", "readable": "homok[/N] + i[_Adjz:i/Adj] + [Nom]", "twolevel": "h:h o:o m:m o:o k:k :[/N] i:i :[_Adjz:i/Adj] :[Nom]"}, {"lemma": "homoki", "tag": "[/Adj][Nom]", "morphana": "homoki[/Adj]=homoki+[Nom]=", "readable": "homoki[/Adj] + [Nom]", "twolevel": "h:h o:o m:m o:o k:k i:i :[/Adj] :[Nom]"}]	homoki	[/Adj][Nom]	O
bort	" "	[{"lemma": "bor", "tag": "[/N][Acc]", "morphana": "bor[/N]=bor+t[Acc]=t", "readable": "bor[/N] + t[Acc]", "twolevel": "b:b o:o r:r :[/N] t:t :[Acc]"}]	bor	[/N][Acc]	O
ittak	""	[{"lemma": "iszik", "tag": "[/V][Pst.NDef.3Pl]", "morphana": "iszik[/V]=i+ttak[Pst.NDef.3Pl]=ttak", "readable": "iszik[/V]=i + ttak[Pst.NDef.3Pl]", "twolevel": "i:i :s :z :i :k :[/V] t:t t:t a:a k:k :[Pst.NDef.3Pl]"}]	iszik	[/V][Pst.NDef.3Pl]	O
,	" "	[{"lemma": ",", "tag": "[Punct]", "morphana": "", "readable": "", "twolevel": ""}]	,	[Punct]	O
s	" "	[{"lemma": "s", "tag": "[/Cnj]", "morphana": "s[/Cnj]=s", "readable": "s[/Cnj]", "twolevel": "s:s :[/Cnj]"}, {"lemma": "s", "tag": "[/N][Nom]", "morphana": "s[/N|Ltr]=s+[Nom]=", "readable": "s[/N|Ltr] + [Nom]", "twolevel": "s:s :[/N|Ltr] :[Nom]"}, {"lemma": "s", "tag": "[/N][Nom]", "morphana": "s[/N|Unit|Abbr]=s+[Nom]=", "readable": "s[/N|Unit|Abbr] + [Nom]", "twolevel": "s:s :[/N|Unit|Abbr] :[Nom]"}]	s	[/Cnj]	O
hozzá	" "	[{"lemma": "ő", "tag": "[/N|Pro][All][3Sg]", "morphana": "ő[/N|Pro]=+hozzá[All]=hozzá+[3Sg]=", "readable": "ő[/N|Pro]= + hozzá[All] + [3Sg]", "twolevel": ":ő :[/N|Pro] h:h o:o z:z z:z á:á :[All] :[ :3 :S :g :]"}, {"lemma": "hozzá", "tag": "[/Prev]", "morphana": "hozzá[/Prev]=hozzá", "readable": "hozzá[/Prev]", "twolevel": "h:h o:o z:z z:z á:á :[/Prev]"}]	hozzá	[/Prev]	O
a	" "	[{"lemma": "a", "tag": "[/Det|Art.Def]", "morphana": "a[/Det|Art.Def]=a", "readable": "a[/Det|Art.Def]", "twolevel": "a:a :[/Det|Art.Def]"}, {"lemma": "a", "tag": "[/Det|Pro|(Post)]", "morphana": "a[/Det|Pro|(Post)]=a", "readable": "a[/Det|Pro|(Post)]", "twolevel": "a:a :[/Det|Pro|(Post)]"}, {"lemma": "a", "tag": "[/N][Nom]", "morphana": "a[/N|Ltr]=a+[Nom]=", "readable": "a[/N|Ltr] + [Nom]", "twolevel": "a:a :[/N|Ltr] :[Nom]"}, {"lemma": "a", "tag": "[/N|Pro|(Post)][Nom]", "morphana": "a[/N|Pro|(Post)]=a+[Nom]=", "readable": "a[/N|Pro|(Post)] + [Nom]", "twolevel": "a:a :[/N|Pro|(Post)] :[Nom]"}]	a	[/Det|Art.Def]	O
maradék	" "	[{"lemma": "maradék", "tag": "[/N][Nom]", "morphana": "maradék[/N]=maradék+[Nom]=", "readable": "maradék[/N] + [Nom]", "twolevel": "m:m a:a r:r a:a d:d é:é k:k :[/N] :[Nom]"}]	maradék	[/N][Nom]	O
pogácsát	" "	[{"lemma": "pogácsa", "tag": "[/N][Acc]", "morphana": "pogácsa[/N]=pogácsá+t[Acc]=t", "readable": "pogácsa[/N]=pogácsá + t[Acc]", "twolevel": "p:p o:o g:g á:á c:c s:s á:a :[/N] t:t :[Acc]"}]	pogácsa	[/N][Acc]	O
majszolgatták	""	[{"lemma": "majszolgatta", "tag": "[/Adj][Pl][Nom]", "morphana": "majszol[/V]=majszol+gat[_Freq/V]=gat+ta[_PerfPtcp_Subj=tA/Adj]=tá+k[Pl]=k+[Nom]=", "readable": "majszol[/V] + gat[_Freq/V] + ta[_PerfPtcp_Subj=tA/Adj]=tá + k[Pl] + [Nom]", "twolevel": "m:m a:a j:j s:s z:z o:o l:l :[/V] g:g a:a t:t :[_Freq/V] t:t á:a :[_PerfPtcp_Subj=tA/Adj] k:k :[Pl] :[Nom]"}, {"lemma": "majszol", "tag": "[/V][_Freq/V][Pst.Def.3Pl]", "morphana": "majszol[/V]=majszol+gat[_Freq/V]=gat+ták[Pst.Def.3Pl]=ták", "readable": "majszol[/V] + gat[_Freq/V] + ták[Pst.Def.3Pl]", "twolevel": "m:m a:a j:j s:s z:z o:o l:l :[/V] g:g a:a t:t :[_Freq/V] t:t á:á k:k :[Pst.Def.3Pl]"}]	majszolgatta	[/Adj][Pl][Nom]	O
.	" "	[{"lemma": ".", "tag": "[Punct]", "morphana": "", "readable": "", "twolevel": ""}]	.	[Punct]	O

El	" "	[{"lemma": "el", "tag": "[/Prev]", "morphana": "el[/Prev]=el", "readable": "el[/Prev]", "twolevel": "e:e l:l :[/Prev]"}]	el	[/Prev]	O
is	" "	[{"lemma": "is", "tag": "[/Adv]", "morphana": "is[/Adv]=is", "readable": "is[/Adv]", "twolevel": "i:i s:s :[/Adv]"}]	is	[/Adv]	O
patkoltak	" "	[{"lemma": "patkolt", "tag": "[/Adj][Pl][Nom]", "morphana": "patkol[/V]=patkol+t[_PerfPtcp/Adj]=t+ak[Pl]=ak+[Nom]=", "readable": "patkol[/V] + t[_PerfPtcp/Adj] + ak[Pl] + [Nom]", "twolevel": "p:p a:a t:t k:k o:o l:l :[/V] t:t :[_PerfPtcp/Adj] a:a k:k :[Pl] :[Nom]"}, {"lemma": "patkol", "tag": "[/V][Pst.NDef.3Pl]", "morphana": "patkol[/V]=patkol+tak[Pst.NDef.3Pl]=tak", "readable": "patkol[/V] + tak[Pst.NDef.3Pl]", "twolevel": "p:p a:a t:t k:k o:o l:l :[/V] t:t a:a k:k :[Pst.NDef.3Pl]"}]	patkol	[/V][Pst.NDef.3Pl]	O
mind	""	[{"lemma": "mind", "tag": "[/Adv]", "morphana": "mind[/Adv]=mind", "readable": "mind[/Adv]", "twolevel": "m:m i:i n:n d:d :[/Adv]"}, {"lemma": "mind", "tag": "[/Adv|Pro]", "morphana": "mind[/Adv|Pro]=mind", "readable": "mind[/Adv|Pro]", "twolevel": "m:m i:i n:n d:d :[/Adv|Pro]"}, {"lemma": "mind", "tag": "[/Cnj]", "morphana": "mind[/Cnj]=mind", "readable": "mind[/Cnj]", "twolevel": "m:m i:i n:n d:d :[/Cnj]"}, {"lemma": "mind", "tag": "[/Det]", "morphana": "mind[/Det]=mind", "readable": "mind[/Det]", "twolevel": "m:m i:i n:n d:d :[/Det]"}, {"lemma": "mind", "tag": "[/N|Pro][Nom]", "morphana": "mind[/N|Pro]=mind+[Nom]=", "readable": "mind[/N|Pro] + [Nom]", "twolevel": "m:m i:i n:n d:d :[/N|Pro] :[Nom]"}]	mind	[/N|Pro][Nom]	O
,	" "	[{"lemma": ",", "tag": "[Punct]", "morphana": "", "readable": "", "twolevel": ""}]	,	[Punct]	O
ahányan	" "	[{"lemma": "ahány", "tag": "[/Num|Pro|Rel][_Aggreg/Adv]", "morphana": "ahány[/Num|Pro|Rel]=ahány+an[_Aggreg/Adv]=an", "readable": "ahány[/Num|Pro|Rel] + an[_Aggreg/Adv]", "twolevel": "a:a h:h á:á n:n y:y :[/Num|Pro|Rel] a:a n:n :[_Aggreg/Adv]"}, {"lemma": "ahány", "tag": "[/Num|Pro|Rel][_Manner/Adv]", "morphana": "ahány[/Num|Pro|Rel]=ahány+an[_Manner/Adv]=an", "readable": "ahány[/Num|Pro|Rel] + an[_Manner/Adv]", "twolevel": "a:a h:h á:á n:n y:y :[/Num|Pro|Rel] a:a n:n :[_Manner/Adv]"}, {"lemma": "ahányan", "tag": "[/Adv|Pro|Rel]", "morphana": "ahányan[/Adv|Pro|Rel]=ahányan", "readable": "ahányan[/Adv|Pro|Rel]", "twolevel": "a:a h:h á:á n:n y:y a:a n:n :[/Adv|Pro|Rel]"}]	ahány	[/Num|Pro|Rel][_Manner/Adv]	O
voltak	""	[{"lemma": "volt", "tag": "[/Adj][Pl][Nom]", "morphana": "van[/V]=vol+t[_PerfPtcp/Adj]=t+ak[Pl]=ak+[Nom]=", "readable": "van[/V]=vol + t[_PerfPtcp/Adj] + ak[Pl] + [Nom]", "twolevel": "v:v o:a l:n :[/V] t:t :[_PerfPtcp/Adj] a:a k:k :[Pl] :[Nom]"}, {"lemma": "van", "tag": "[/V][Pst.NDef.3Pl]", "morphana": "van[/V]=vol+tak[Pst.NDef.3Pl]=tak", "readable": "van[/V]=vol + tak[Pst.NDef.3Pl]", "twolevel": "v:v o:a l:n :[/V] t:t a:a k:k :[Pst.NDef.3Pl]"}, {"lemma": "volt", "tag": "[/Adj|Attr][Pl][Nom]", "morphana": "volt[/Adj|Attr]=volt+ak[Pl]=ak+[Nom]=", "readable": "volt[/Adj|Attr] + ak[Pl] + [Nom]", "twolevel": "v:v o:o l:l t:t :[/Adj|Attr] a:a k:k :[Pl] :[Nom]"}]	van	[/V][Pst.NDef.3Pl]	O
.	"\n\n"	[{"lemma": ".", "tag": "[Punct]", "morphana": "", "readable": "", "twolevel": ""}]	.	[Punct]	O

A	" "	[{"lemma": "A", "tag": "[/N][Nom]", "morphana": "A[/N|Unit|Abbr]=A+[Nom]=", "readable": "A[/N|Unit|Abbr] + [Nom]", "twolevel": "A:A :[/N|Unit|Abbr] :[Nom]"}, {"lemma": "a", "tag": "[/Det|Art.Def]", "morphana": "a[/Det|Art.Def]=a", "readable": "a[/Det|Art.Def]", "twolevel": "a:a :[/Det|Art.Def]"}, {"lemma": "a", "tag": "[/Det|Pro|(Post)]", "morphana": "a[/Det|Pro|(Post)]=a", "readable": "a[/Det|Pro|(Post)]", "twolevel": "a:a :[/Det|Pro|(Post)]"}, {"lemma": "a", "tag": "[/N][Nom]", "morphana": "a[/N|Ltr]=a+[Nom]=", "readable": "a[/N|Ltr] + [Nom]", "twolevel": "a:a :[/N|Ltr] :[Nom]"}, {"lemma": "a", "tag": "[/N|Pro|(Post)][Nom]", "morphana": "a[/N|Pro|(Post)]=a+[Nom]=", "readable": "a[/N|Pro|(Post)] + [Nom]", "twolevel": "a:a :[/N|Pro|(Post)] :[Nom]"}]	a	[/Det|Art.Def]	O
mentősöknek	" "	[{"lemma": "mentős", "tag": "[/N][Pl][Dat]", "morphana": "ment[/V]=ment+ő[_ImpfPtcp/Adj]=ő+s[_Nz:s/N]=s+ök[Pl]=ök+nek[Dat]=nek", "readable": "ment[/V] + ő[_ImpfPtcp/Adj] + s[_Nz:s/N] + ök[Pl] + nek[Dat]", "twolevel": "m:m e:e n:n t:t :[/V] ő:ő :[_ImpfPtcp/Adj] s:s :[_Nz:s/N] ö:ö k:k :[Pl] n:n e:e k:k :[Dat]"}, {"lemma": "mentős", "tag": "[/N][Pl][Dat]", "morphana": "mentő[/N]=mentő+s[_Nz:s/N]=s+ök[Pl]=ök+nek[Dat]=nek", "readable": "mentő[/N] + s[_Nz:s/N] + ök[Pl] + nek[Dat]", "twolevel": "m:m e:e n:n t:t ő:ő :[/N] s:s :[_Nz:s/N] ö:ö k:k :[Pl] n:n e:e k:k :[Dat]"}]	mentős	[/N][Pl][Dat]	O
-	" "	[{"lemma": "-", "tag": "[Hyph:Hyph]", "morphana": "-[Hyph:Hyph]=-", "readable": "-[Hyph:Hyph]", "twolevel": "-:- :[Hyph:Hyph]"}, {"lemma": "-", "tag": "[Punct]", "morphana": "", "readable": "", "twolevel": ""}]	-	[Punct]	O
az	" "	[{"lemma": "az", "tag": "[/Det|Art.Def]", "morphana": "az[/Det|Art.Def]=az", "readable": "az[/Det|Art.Def]", "twolevel": "a:a z:z :[/Det|Art.Def]"}, {"lemma": "az", "tag": "[/Det|Pro][Nom]", "morphana": "az[/Det|Pro]=az+[Nom]=", "readable": "az[/Det|Pro] + [Nom]", "twolevel": "a:a z:z :[/Det|Pro] :[Nom]"}, {"lemma": "az", "tag": "[/N|Pro][Nom]", "morphana": "az[/N|Pro]=az+[Nom]=", "readable": "az[/N|Pro] + [Nom]", "twolevel": "a:a z:z :[/N|Pro] :[Nom]"}]	az	[/Det|Art.Def]	O
orvosnak	""	[{"lemma": "orvos", "tag": "[/N][Dat]", "morphana": "orvos[/N]=orvos+nak[Dat]=nak", "readable": "orvos[/N] + nak[Dat]", "twolevel": "o:o r:r v:v o:o s:s :[/N] n:n a:a k:k :[Dat]"}]	orvos	[/N][Dat]	O
,	" "	[{"lemma": ",", "tag": "[Punct]", "morphana": "", "readable": "", "twolevel": ""}]	,	[Punct]	O
a	" "	[{"lemma": "a", "tag": "[/Det|Art.Def]", "morphana": "a[/Det|Art.Def]=a", "readable": "a[/Det|Art.Def]", "twolevel": "a:a :[/Det|Art.Def]"}, {"lemma": "a", "tag": "[/Det|Pro|(Post)]", "morphana": "a[/Det|Pro|(Post)]=a", "readable": "a[/Det|Pro|(Post)]", "twolevel": "a:a :[/Det|Pro|(Post)]"}, {"lemma": "a", "tag": "[/N][Nom]", "morphana": "a[/N|Ltr]=a+[Nom]=", "readable": "a[/N|Ltr] + [Nom]", "twolevel": "a:a :[/N|Ltr] :[Nom]"}, {"lemma": "a", "tag": "[/N|Pro|(Post)][Nom]", "morphana": "a[/N|Pro|(Post)]=a+[Nom]=", "readable": "a[/N|Pro|(Post)] + [Nom]", "twolevel": "a:a :[/N|Pro|(Post)] :[Nom]"}]	a	[/Det|Art.Def]	O
két	" "	[{"lemma": "két", "tag": "[/Num|Attr][Nom]", "morphana": "két[/Num|Attr]=két+[Nom]=", "readable": "két[/Num|Attr] + [Nom]", "twolevel": "k:k é:é t:t :[/Num|Attr] :[Nom]"}]	két	[/Num|Attr][Nom]	O
hordágyvivőnek	" "	[{"lemma": "hordágyvivő", "tag": "[/Adj][Dat]", "morphana": "hordágy[/N]=hordágy+visz[/V]=viv+ő[_ImpfPtcp/Adj]=ő+nek[Dat]=nek", "readable": "hordágy[/N] + visz[/V]=viv + ő[_ImpfPtcp/Adj] + nek[Dat]", "twolevel": "h:h o:o r:r d:d á:á g:g y:y :[/N] v:v i:i v:s :z :[/V] ő:ő :[_ImpfPtcp/Adj] n:n e:e k:k :[Dat]"}, {"lemma": "hordágyvivő", "tag": "[/N][Dat]", "morphana": "hordágy[/N]=hordágy+vivő[/N]=vivő+nek[Dat]=nek", "readable": "hordágy[/N] + vivő[/N] + nek[Dat]", "twolevel": "h:h o:o r:r d:d á:á g:g y:y :[/N] v:v i:i v:v ő:ő :[/N] n:n e:e k:k :[Dat]"}]	hordágyvivő	[/N][Dat]	O
meg	" "	[{"lemma": "meg", "tag": "[/Cnj]", "morphana": "meg[/Cnj]=meg", "readable": "meg[/Cnj]", "twolevel": "m:m e:e g:g :[/Cnj]"}, {"lemma": "meg", "tag": "[/Prev]", "morphana": "meg[/Prev]=meg", "readable": "meg[/Prev]", "twolevel": "m:m e:e g:g :[/Prev]"}]	meg	[/Prev]	O
a	" "	[{"lemma": "a", "tag": "[/Det|Art.Def]", "morphana": "a[/Det|Art.Def]=a", "readable": "a[/Det|Art.Def]", "twolevel": "a:a :[/Det|Art.Def]"}, {"lemma": "a", "tag": "[/Det|Pro|(Post)]", "morphana": "a[/Det|Pro|(Post)]=a", "readable": "a[/Det|Pro|(Post)]", "twolevel": "a:a :[/Det|Pro|(Post)]"}, {"lemma": "a", "tag": "[/N][Nom]", "morphana": "a[/N|Ltr]=a+[Nom]=", "readable": "a[/N|Ltr] + [Nom]", "twolevel": "a:a :[/N|Ltr] :[Nom]"}, {"lemma": "a", "tag": "[/N|Pro|(Post)][Nom]", "morphana": "a[/N|Pro|(Post)]=a+[Nom]=", "readable": "a[/N|Pro|(Post)] + [Nom]", "twolevel": "a:a :[/N|Pro|(Post)] :[Nom]"}]	a	[/Det|Art.Def]	O
sofőrnek	" "	[{"lemma": "sofőr", "tag": "[/N][Dat]", "morphana": "sofőr[/N]=sofőr+nek[Dat]=nek", "readable": "sofőr[/N] + nek[Dat]", "twolevel": "s:s o:o f:f ő:ő r:r :[/N] n:n e:e k:k :[Dat]"}]	sofőr	[/N][Dat]	O
-	" "	[{"lemma": "-", "tag": "[Hyph:Hyph]", "morphana": "-[Hyph:Hyph]=-", "readable": "-[Hyph:Hyph]", "twolevel": "-:- :[Hyph:Hyph]"}, {"lemma": "-", "tag": "[Punct]", "morphana": "", "readable": "", "twolevel": ""}]	-	[Punct]	O
már	" "	[{"lemma": "már", "tag": "[/Adv]", "morphana": "már[/Adv]=már", "readable": "már[/Adv]", "twolevel": "m:m á:á r:r :[/Adv]"}]	már	[/Adv]	O
nem	" "	[{"lemma": "nem", "tag": "[/Adv]", "morphana": "nem[/Adv]=nem", "readable": "nem[/Adv]", "twolevel": "n:n e:e m:m :[/Adv]"}, {"lemma": "nem", "tag": "[/Inj-Utt]", "morphana": "nem[/Inj-Utt]=nem", "readable": "nem[/Inj-Utt]", "twolevel": "n:n e:e m:m :[/Inj-Utt]"}, {"lemma": "nem", "tag": "[/N][Nom]", "morphana": "nem[/N]=nem+[Nom]=", "readable": "nem[/N] + [Nom]", "twolevel": "n:n e:e m:m :[/N] :[Nom]"}]	nem	[/Adv]	O
akadt	" "	[{"lemma": "akad", "tag": "[/V][Pst.NDef.3Sg]", "morphana": "akad[/V]=akad+t[Pst.NDef.3Sg]=t", "readable": "akad[/V] + t[Pst.NDef.3Sg]", "twolevel": "a:a k:k a:a d:d :[/V] t:t :[Pst.NDef.3Sg]"}, {"lemma": "akadt", "tag": "[/Adj][Nom]", "morphana": "akad[/V]=akad+t[_PerfPtcp/Adj]=t+[Nom]=", "readable": "akad[/V] + t[_PerfPtcp/Adj] + [Nom]", "twolevel": "a:a k:k a:a d:d :[/V] t:t :[_PerfPtcp/Adj] :[Nom]"}]	akad	[/V][Pst.NDef.3Sg]	O
dolguk	""	[{"lemma": "dolog", "tag": "[/N][Poss.3Pl][Nom]", "morphana": "dolog[/N]=dolg+uk[Poss.3Pl]=uk+[Nom]=", "readable": "dolog[/N]=dolg + uk[Poss.3Pl] + [Nom]", "twolevel": "d:d o:o l:l :o g:g :[/N] u:u k:k :[Poss.3Pl] :[Nom]"}]	dolog	[/N][Poss.3Pl][Nom]	O
.	" "	[{"lemma": ".", "tag": "[Punct]", "morphana": "", "readable": "", "twolevel": ""}]	.	[Punct]	O

Csak	" "	[{"lemma": "csak", "tag": "[/Adv]", "morphana": "csak[/Adv]=csak", "readable": "csak[/Adv]", "twolevel": "c:c s:s a:a k:k :[/Adv]"}]	csak	[/Adv]	O
fejcsóválva	" "	[{"lemma": "fejcsóválva", "tag": "[/Adv]", "morphana": "fejcsóválva[/Adv]=fejcsóválva", "readable": "fejcsóválva[/Adv]", "twolevel": "f:f e:e j:j c:c s:s ó:ó v:v á:á l:l v:v a:a :[/Adv]"}]	fejcsóválva	[/Adv]	O
körüljárták	" "	[{"lemma": "körüljárta", "tag": "[/Adj][Pl][Nom]", "morphana": "körül[/Prev]=körül+jár[/V]=jár+ta[_PerfPtcp_Subj=tA/Adj]=tá+k[Pl]=k+[Nom]=", "readable": "körül[/Prev] + jár[/V] + ta[_PerfPtcp_Subj=tA/Adj]=tá + k[Pl] + [Nom]", "twolevel": "k:k ö:ö r:r ü:ü l:l :[/Prev] j:j á:á r:r :[/V] t:t á:a :[_PerfPtcp_Subj=tA/Adj] k:k :[Pl] :[Nom]"}, {"lemma": "körüljár", "tag": "[/V][Pst.Def.3Pl]", "morphana": "körül[/Prev]=körül+jár[/V]=jár+ták[Pst.Def.3Pl]=ták", "readable": "körül[/Prev] + jár[/V] + ták[Pst.Def.3Pl]", "twolevel": "k:k ö:ö r:r ü:ü l:l :[/Prev] j:j á:á r:r :[/V] t:t á:á k:k :[Pst.Def.3Pl]"}]	körüljár	[/V][Pst.Def.3Pl]	O
azt	" "	[{"lemma": "az", "tag": "[/Det|Pro][Acc]", "morphana": "az[/Det|Pro]=az+t[Acc]=t", "readable": "az[/Det|Pro] + t[Acc]", "twolevel": "a:a z:z :[/Det|Pro] t:t :[Acc]"}, {"lemma": "az", "tag": "[/N|Pro][Acc]", "morphana": "az[/N|Pro]=az+t[Acc]=t", "readable": "az[/N|Pro] + t[Acc]", "twolevel": "a:a z:z :[/N|Pro] t:t :[Acc]"}]	az	[/Det|Pro][Acc]	O
a	" "	[{"lemma": "a", "tag": "[/Det|Art.Def]", "morphana": "a[/Det|Art.Def]=a", "readable": "a[/Det|Art.Def]", "twolevel": "a:a :[/Det|Art.Def]"}, {"lemma": "a", "tag": "[/Det|Pro|(Post)]", "morphana": "a[/Det|Pro|(Post)]=a", "readable": "a[/Det|Pro|(Post)]", "twolevel": "a:a :[/Det|Pro|(Post)]"}, {"lemma": "a", "tag": "[/N][Nom]", "morphana": "a[/N|Ltr]=a+[Nom]=", "readable": "a[/N|Ltr] + [Nom]", "twolevel": "a:a :[/N|Ltr] :[Nom]"}, {"lemma": "a", "tag": "[/N|Pro|(Post)][Nom]", "morphana": "a[/N|Pro|(Post)]=a+[Nom]=", "readable": "a[/N|Pro|(Post)] + [Nom]", "twolevel": "a:a :[/N|Pro|(Post)] :[Nom]"}]	a	[/Det|Art.Def]	O
sok	" "	[{"lemma": "sok", "tag": "[/Num][Nom]", "morphana": "sok[/Num]=sok+[Nom]=", "readable": "sok[/Num] + [Nom]", "twolevel": "s:s o:o k:k :[/Num] :[Nom]"}]	sok	[/Num][Nom]	O
halottat	""	[{"lemma": "halott", "tag": "[/Adj][Acc]", "morphana": "halott[/Adj]=halott+at[Acc]=at", "readable": "halott[/Adj] + at[Acc]", "twolevel": "h:h a:a l:l o:o t:t t:t :[/Adj] a:a t:t :[Acc]"}, {"lemma": "halott", "tag": "[/N][Acc]", "morphana": "halott[/N]=halott+at[Acc]=at", "readable": "halott[/N] + at[Acc]", "twolevel": "h:h a:a l:l o:o t:t t:t :[/N] a:a t:t :[Acc]"}]	halott	[/N][Acc]	O
,	" "	[{"lemma": ",", "tag": "[Punct]", "morphana": "", "readable": "", "twolevel": ""}]	,	[Punct]	O
s	" "	[{"lemma": "s", "tag": "[/Cnj]", "morphana": "s[/Cnj]=s", "readable": "s[/Cnj]", "twolevel": "s:s :[/Cnj]"}, {"lemma": "s", "tag": "[/N][Nom]", "morphana": "s[/N|Ltr]=s+[Nom]=", "readable": "s[/N|Ltr] + [Nom]", "twolevel": "s:s :[/N|Ltr] :[Nom]"}, {"lemma": "s", "tag": "[/N][Nom]", "morphana": "s[/N|Unit|Abbr]=s+[Nom]=", "readable": "s[/N|Unit|Abbr] + [Nom]", "twolevel": "s:s :[/N|Unit|Abbr] :[Nom]"}]	s	[/Cnj]	O
mielőtt	" "	[{"lemma": "mielőtt", "tag": "[/Adv|Pro|Rel]", "morphana": "mielőtt[/Adv|Pro|Rel]=mielőtt", "readable": "mielőtt[/Adv|Pro|Rel]", "twolevel": "m:m i:i e:e l:l ő:ő t:t t:t :[/Adv|Pro|Rel]"}]	mielőtt	[/Adv|Pro|Rel]	O
visszaindultak	" "	[{"lemma": "visszaindult", "tag": "[/Adj][Pl][Nom]", "morphana": "vissza[/Prev]=vissza+indul[/V]=indul+t[_PerfPtcp/Adj]=t+ak[Pl]=ak+[Nom]=", "readable": "vissza[/Prev] + indul[/V] + t[_PerfPtcp/Adj] + ak[Pl] + [Nom]", "twolevel": "v:v i:i s:s s:s z:z a:a :[/Prev] i:i n:n d:d u:u l:l :[/V] t:t :[_PerfPtcp/Adj] a:a k:k :[Pl] :[Nom]"}, {"lemma": "visszaindul", "tag": "[/V][Pst.NDef.3Pl]", "morphana": "vissza[/Prev]=vissza+indul[/V]=indul+tak[Pst.NDef.3Pl]=tak", "readable": "vissza[/Prev] + indul[/V] + tak[Pst.NDef.3Pl]", "twolevel": "v:v i:i s:s s:s z:z a:a :[/Prev] i:i n:n d:d u:u l:l :[/V] t:t a:a k:k :[Pst.NDef.3Pl]"}]	visszaindul	[/V][Pst.NDef.3Pl]	O
volna	""	[{"lemma": "van", "tag": "[/V][Cond.NDef.3Sg]", "morphana": "van[/V]=vol+na[Cond.NDef.3Sg]=na", "readable": "van[/V]=vol + na[Cond.NDef.3Sg]", "twolevel": "v:v o:a l:n :[/V] n:n a:a :[Cond.NDef.3Sg]"}, {"lemma": "volna", "tag": "[/V]", "morphana": "volna[/V]=volna", "readable": "volna[/V]", "twolevel": "v:v o:o l:l n:n a:a :[/V]"}]	volna	[/V]	O
,	" "	[{"lemma": ",", "tag": "[Punct]", "morphana": "", "readable": "", "twolevel": ""}]	,	[Punct]	O
megettek	" "	[{"lemma": "megeszik", "tag": "[/V][Pst.NDef.3Pl]", "morphana": "meg[/Prev]=meg+eszik[/V]=e+ttek[Pst.NDef.3Pl]=ttek", "readable": "meg[/Prev] + eszik[/V]=e + ttek[Pst.NDef.3Pl]", "twolevel": "m:m e:e g:g :[/Prev] e:e :s :z :i :k :[/V] t:t t:t e:e k:k :[Pst.NDef.3Pl]"}]	megeszik	[/V][Pst.NDef.3Pl]	O
néhány	" "	[{"lemma": "néhány", "tag": "[/Num][Nom]", "morphana": "néhány[/Num]=néhány+[Nom]=", "readable": "néhány[/Num] + [Nom]", "twolevel": "n:n é:é h:h á:á n:n y:y :[/Num] :[Nom]"}]	néhány	[/Num][Nom]	O
pogácsát	""	[{"lemma": "pogácsa", "tag": "[/N][Acc]", "morphana": "pogácsa[/N]=pogácsá+t[Acc]=t", "readable": "pogácsa[/N]=pogácsá + t[Acc]", "twolevel": "p:p o:o g:g á:á c:c s:s á:a :[/N] t:t :[Acc]"}]	pogácsa	[/N][Acc]	O
,	" "	[{"lemma": ",", "tag": "[Punct]", "morphana": "", "readable": "", "twolevel": ""}]	,	[Punct]	O
ittak	" "	[{"lemma": "iszik", "tag": "[/V][Pst.NDef.3Pl]", "morphana": "iszik[/V]=i+ttak[Pst.NDef.3Pl]=ttak", "readable": "iszik[/V]=i + ttak[Pst.NDef.3Pl]", "twolevel": "i:i :s :z :i :k :[/V] t:t t:t a:a k:k :[Pst.NDef.3Pl]"}]	iszik	[/V][Pst.NDef.3Pl]	O
rá	" "	[{"lemma": "ő", "tag": "[/N|Pro][Subl][3Sg]", "morphana": "ő[/N|Pro]=+rá[Subl]=rá+[3Sg]=", "readable": "ő[/N|Pro]= + rá[Subl] + [3Sg]", "twolevel": ":ő :[/N|Pro] r:r á:á :[Subl] :[ :3 :S :g :]"}, {"lemma": "rá", "tag": "[/Prev]", "morphana": "rá[/Prev]=rá", "readable": "rá[/Prev]", "twolevel": "r:r á:á :[/Prev]"}]	rá	[/Prev]	O
egy	" "	[{"lemma": "egy", "tag": "[/Det|Art.NDef]", "morphana": "egy[/Det|Art.NDef]=egy", "readable": "egy[/Det|Art.NDef]", "twolevel": "e:e g:g y:y :[/Det|Art.NDef]"}, {"lemma": "egy", "tag": "[/Num][Nom]", "morphana": "egy[/Num]=egy+[Nom]=", "readable": "egy[/Num] + [Nom]", "twolevel": "e:e g:g y:y :[/Num] :[Nom]"}, {"lemma": "egy", "tag": "[/N|Pro][Nom]", "morphana": "egy[/N|Pro]=egy+[Nom]=", "readable": "egy[/N|Pro] + [Nom]", "twolevel": "e:e g:g y:y :[/N|Pro] :[Nom]"}]	egy	[/Det|Art.NDef]	O
kis	" "	[{"lemma": "kis", "tag": "[/Adj|Attr][Nom]", "morphana": "kis[/Adj|Attr]=kis+[Nom]=", "readable": "kis[/Adj|Attr] + [Nom]", "twolevel": "k:k i:i s:s :[/Adj|Attr] :[Nom]"}]	kis	[/Adj|Attr][Nom]	O
bort	""	[{"lemma": "bor", "tag": "[/N][Acc]", "morphana": "bor[/N]=bor+t[Acc]=t", "readable": "bor[/N] + t[Acc]", "twolevel": "b:b o:o r:r :[/N] t:t :[Acc]"}]	bor	[/N][Acc]	O
.	"\n\n"	[{"lemma": ".", "tag": "[Punct]", "morphana": "", "readable": "", "twolevel": ""}]	.	[Punct]	O

Kivéve	" "	[{"lemma": "kivesz", "tag": "[/V][_AdvPtcp/Adv]", "morphana": "ki[/Prev]=ki+vesz[/V]=vé+ve[_AdvPtcp/Adv]=ve", "readable": "ki[/Prev] + vesz[/V]=vé + ve[_AdvPtcp/Adv]", "twolevel": "k:k i:i :[/Prev] v:v é:e :s :z :[/V] v:v e:e :[_AdvPtcp/Adv]"}, {"lemma": "kivéve", "tag": "[/Adv]", "morphana": "kivéve[/Adv]=kivéve", "readable": "kivéve[/Adv]", "twolevel": "k:k i:i v:v é:é v:v e:e :[/Adv]"}]	kivéve	[/Adv]	O
a	" "	[{"lemma": "a", "tag": "[/Det|Art.Def]", "morphana": "a[/Det|Art.Def]=a", "readable": "a[/Det|Art.Def]", "twolevel": "a:a :[/Det|Art.Def]"}, {"lemma": "a", "tag": "[/Det|Pro|(Post)]", "morphana": "a[/Det|Pro|(Post)]=a", "readable": "a[/Det|Pro|(Post)]", "twolevel": "a:a :[/Det|Pro|(Post)]"}, {"lemma": "a", "tag": "[/N][Nom]", "morphana": "a[/N|Ltr]=a+[Nom]=", "readable": "a[/N|Ltr] + [Nom]", "twolevel": "a:a :[/N|Ltr] :[Nom]"}, {"lemma": "a", "tag": "[/N|Pro|(Post)][Nom]", "morphana": "a[/N|Pro|(Post)]=a+[Nom]=", "readable": "a[/N|Pro|(Post)] + [Nom]", "twolevel": "a:a :[/N|Pro|(Post)] :[Nom]"}]	a	[/Det|Art.Def]	O
sofőrt	""	[{"lemma": "sofőr", "tag": "[/N][Acc]", "morphana": "sofőr[/N]=sofőr+t[Acc]=t", "readable": "sofőr[/N] + t[Acc]", "twolevel": "s:s o:o f:f ő:ő r:r :[/N] t:t :[Acc]"}]	sofőr	[/N][Acc]	O
.	" "	[{"lemma": ".", "tag": "[Punct]", "morphana": "", "readable": "", "twolevel": ""}]	.	[Punct]	O

Bort	" "	[{"lemma": "Bor", "tag": "[/N][Acc]", "morphana": "Bor[/N]=Bor+t[Acc]=t", "readable": "Bor[/N] + t[Acc]", "twolevel": "B:B o:o r:r :[/N] t:t :[Acc]"}, {"lemma": "bor", "tag": "[/N][Acc]", "morphana": "bor[/N]=bor+t[Acc]=t", "readable": "bor[/N] + t[Acc]", "twolevel": "b:b o:o r:r :[/N] t:t :[Acc]"}]	bor	[/N][Acc]	O
nem	" "	[{"lemma": "nem", "tag": "[/Adv]", "morphana": "nem[/Adv]=nem", "readable": "nem[/Adv]", "twolevel": "n:n e:e m:m :[/Adv]"}, {"lemma": "nem", "tag": "[/Inj-Utt]", "morphana": "nem[/Inj-Utt]=nem", "readable": "nem[/Inj-Utt]", "twolevel": "n:n e:e m:m :[/Inj-Utt]"}, {"lemma": "nem", "tag": "[/N][Nom]", "morphana": "nem[/N]=nem+[Nom]=", "readable": "nem[/N] + [Nom]", "twolevel": "n:n e:e m:m :[/N] :[Nom]"}]	nem	[/Adv]	O
ihatott	""	[{"lemma": "iszik", "tag": "[/V][_Mod/V][Pst.NDef.3Sg]", "morphana": "iszik[/V]=i+hat[_Mod/V]=hat+ott[Pst.NDef.3Sg]=ott", "readable": "iszik[/V]=i + hat[_Mod/V] + ott[Pst.NDef.3Sg]", "twolevel": "i:i :s :z :i :k :[/V] h:h a:a t:t :[_Mod/V] o:o t:t t:t :[Pst.NDef.3Sg]"}]	iszik	[/V][_Mod/V][Pst.NDef.3Sg]	O
,	" "	[{"lemma": ",", "tag": "[Punct]", "morphana": "", "readable": "", "twolevel": ""}]	,	[Punct]	O
mert	" "	[{"lemma": "mer", "tag": "[/V][Pst.NDef.3Sg]", "morphana": "mer[/V]=mer+t[Pst.NDef.3Sg]=t", "readable": "mer[/V] + t[Pst.NDef.3Sg]", "twolevel": "m:m e:e r:r :[/V] t:t :[Pst.NDef.3Sg]"}, {"lemma": "mert", "tag": "[/Adj][Nom]", "morphana": "mer[/V]=mer+t[_PerfPtcp/Adj]=t+[Nom]=", "readable": "mer[/V] + t[_PerfPtcp/Adj] + [Nom]", "twolevel": "m:m e:e r:r :[/V] t:t :[_PerfPtcp/Adj] :[Nom]"}, {"lemma": "mert", "tag": "[/Cnj]", "morphana": "mert[/Cnj]=mert", "readable": "mert[/Cnj]", "twolevel": "m:m e:e r:r t:t :[/Cnj]"}]	mert	[/Cnj]	O
vezetnie	" "	[{"lemma": "vezet", "tag": "[/V][Inf.3Sg]", "morphana": "vezet[/V]=vezet+nie[Inf.3Sg]=nie", "readable": "vezet[/V] + nie[Inf.3Sg]", "twolevel": "v:v e:e z:z e:e t:t :[/V] n:n i:i e:e :[Inf.3Sg]"}]	vezet	[/V][Inf.3Sg]	O
kellett	""	[{"lemma": "kell", "tag": "[/V][Pst.NDef.3Sg]", "morphana": "kell[/V]=kell+ett[Pst.NDef.3Sg]=ett", "readable": "kell[/V] + ett[Pst.NDef.3Sg]", "twolevel": "k:k e:e l:l l:l :[/V] e:e t:t t:t :[Pst.NDef.3Sg]"}, {"lemma": "kellett", "tag": "[/Adj][Nom]", "morphana": "kell[/V]=kell+ett[_PerfPtcp/Adj]=ett+[Nom]=", "readable": "kell[/V] + ett[_PerfPtcp/Adj] + [Nom]", "twolevel": "k:k e:e l:l l:l :[/V] e:e t:t t:t :[_PerfPtcp/Adj] :[Nom]"}]	kell	[/V][Pst.NDef.3Sg]	O
,	" "	[{"lemma": ",", "tag": "[Punct]", "morphana": "", "readable": "", "twolevel": ""}]	,	[Punct]	O
a	" "	[{"lemma": "a", "tag": "[/Det|Art.Def]", "morphana": "a[/Det|Art.Def]=a", "readable": "a[/Det|Art.Def]", "twolevel": "a:a :[/Det|Art.Def]"}, {"lemma": "a", "tag": "[/Det|Pro|(Post)]", "morphana": "a[/Det|Pro|(Post)]=a", "readable": "a[/Det|Pro|(Post)]", "twolevel": "a:a :[/Det|Pro|(Post)]"}, {"lemma": "a", "tag": "[/N][Nom]", "morphana": "a[/N|Ltr]=a+[Nom]=", "readable": "a[/N|Ltr] + [Nom]", "twolevel": "a:a :[/N|Ltr] :[Nom]"}, {"lemma": "a", "tag": "[/N|Pro|(Post)][Nom]", "morphana": "a[/N|Pro|(Post)]=a+[Nom]=", "readable": "a[/N|Pro|(Post)] + [Nom]", "twolevel": "a:a :[/N|Pro|(Post)] :[Nom]"}]	a	[/Det|Art.Def]	O
pogácsát	" "	[{"lemma": "pogácsa", "tag": "[/N][Acc]", "morphana": "pogácsa[/N]=pogácsá+t[Acc]=t", "readable": "pogácsa[/N]=pogácsá + t[Acc]", "twolevel": "p:p o:o g:g á:á c:c s:s á:a :[/N] t:t :[Acc]"}]	pogácsa	[/N][Acc]	O
pedig	" "	[{"lemma": "pedig", "tag": "[/Cnj]", "morphana": "pedig[/Cnj]=pedig", "readable": "pedig[/Cnj]", "twolevel": "p:p e:e d:d i:i g:g :[/Cnj]"}]	pedig	[/Cnj]	O
nem	" "	[{"lemma": "nem", "tag": "[/Adv]", "morphana": "nem[/Adv]=nem", "readable": "nem[/Adv]", "twolevel": "n:n e:e m:m :[/Adv]"}, {"lemma": "nem", "tag": "[/Inj-Utt]", "morphana": "nem[/Inj-Utt]=nem", "readable": "nem[/Inj-Utt]", "twolevel": "n:n e:e m:m :[/Inj-Utt]"}, {"lemma": "nem", "tag": "[/N][Nom]", "morphana": "nem[/N]=nem+[Nom]=", "readable": "nem[/N] + [Nom]", "twolevel": "n:n e:e m:m :[/N] :[Nom]"}]	nem	[/Adv]	O
szerette	""	[{"lemma": "szerette", "tag": "[/N][Poss.3Sg][Nom]", "morphana": "szeret[/V]=szeret+te[_Ger:tA/N]=t+e[Poss.3Sg]=e+[Nom]=", "readable": "szeret[/V] + te[_Ger:tA/N]=t + e[Poss.3Sg] + [Nom]", "twolevel": "s:s z:z e:e r:r e:e t:t :[/V] t:t :e :[_Ger:tA/N] e:e :[Poss.3Sg] :[Nom]"}, {"lemma": "szeret", "tag": "[/V][Pst.Def.3Sg]", "morphana": "szeret[/V]=szeret+te[Pst.Def.3Sg]=te", "readable": "szeret[/V] + te[Pst.Def.3Sg]", "twolevel": "s:s z:z e:e r:r e:e t:t :[/V] t:t e:e :[Pst.Def.3Sg]"}, {"lemma": "szerette", "tag": "[/Adj][Nom]", "morphana": "szeret[/V]=szeret+te[_PerfPtcp_Subj=tA/Adj]=te+[Nom]=", "readable": "szeret[/V] + te[_PerfPtcp_Subj=tA/Adj] + [Nom]", "twolevel": "s:s z:z e:e r:r e:e t:t :[/V] t:t e:e :[_PerfPtcp_Subj=tA/Adj] :[Nom]"}]	szeret	[/V][Pst.Def.3Sg]	O
.	" "	[{"lemma": ".", "tag": "[Punct]", "morphana": "", "readable": "", "twolevel": ""}]	.	[Punct]	O

De	" "	[{"lemma": "de", "tag": "[/Adv]", "morphana": "de[/Adv]=de", "readable": "de[/Adv]", "twolevel": "d:d e:e :[/Adv]"}, {"lemma": "de", "tag": "[/Cnj]", "morphana": "de[/Cnj]=de", "readable": "de[/Cnj]", "twolevel": "d:d e:e :[/Cnj]"}, {"lemma": "de", "tag": "[/X]", "morphana": "de[/X]=de", "readable": "de[/X]", "twolevel": "d:d e:e :[/X]"}]	de	[/Cnj]	O
ami	" "	[{"lemma": "ami", "tag": "[/Det|Pro|Rel]", "morphana": "ami[/Det|Pro|Rel]=ami", "readable": "ami[/Det|Pro|Rel]", "twolevel": "a:a m:m i:i :[/Det|Pro|Rel]"}, {"lemma": "ami", "tag": "[/N|Pro|Rel][Nom]", "morphana": "ami[/N|Pro|Rel]=ami+[Nom]=", "readable": "ami[/N|Pro|Rel] + [Nom]", "twolevel": "a:a m:m i:i :[/N|Pro|Rel] :[Nom]"}]	ami	[/N|Pro|Rel][Nom]	O
még	" "	[{"lemma": "még", "tag": "[/Adv]", "morphana": "még[/Adv]=még", "readable": "még[/Adv]", "twolevel": "m:m é:é g:g :[/Adv]"}]	még	[/Adv]	O
ott	" "	[{"lemma": "ott", "tag": "[/Adv|Pro]", "morphana": "ott[/Adv|Pro]=ott", "readable": "ott[/Adv|Pro]", "twolevel": "o:o t:t t:t :[/Adv|Pro]"}, {"lemma": "ott", "tag": "[/Prev]", "morphana": "ott[/Prev]=ott", "readable": "ott[/Prev]", "twolevel": "o:o t:t t:t :[/Prev]"}]	ott	[/Adv|Pro]	O
maradt	" "	[{"lemma": "marad", "tag": "[/V][Pst.NDef.3Sg]", "morphana": "marad[/V]=marad+t[Pst.NDef.3Sg]=t", "readable": "marad[/V] + t[Pst.NDef.3Sg]", "twolevel": "m:m a:a r:r a:a d:d :[/V] t:t :[Pst.NDef.3Sg]"}, {"lemma": "maradt", "tag": "[/Adj][Nom]", "morphana": "marad[/V]=marad+t[_PerfPtcp/Adj]=t+[Nom]=", "readable": "marad[/V] + t[_PerfPtcp/Adj] + [Nom]", "twolevel": "m:m a:a r:r a:a d:d :[/V] t:t :[_PerfPtcp/Adj] :[Nom]"}]	marad	[/V][Pst.NDef.3Sg]	O
a	" "	[{"lemma": "a", "tag": "[/Det|Art.Def]", "morphana": "a[/Det|Art.Def]=a", "readable": "a[/Det|Art.Def]", "twolevel": "a:a :[/Det|Art.Def]"}, {"lemma": "a", "tag": "[/Det|Pro|(Post)]", "morphana": "a[/Det|Pro|(Post)]=a", "readable": "a[/Det|Pro|(Post)]", "twolevel": "a:a :[/Det|Pro|(Post)]"}, {"lemma": "a", "tag": "[/N][Nom]", "morphana": "a[/N|Ltr]=a+[Nom]=", "readable": "a[/N|Ltr] + [Nom]", "twolevel": "a:a :[/N|Ltr] :[Nom]"}, {"lemma": "a", "tag": "[/N|Pro|(Post)][Nom]", "morphana": "a[/N|Pro|(Post)]=a+[Nom]=", "readable": "a[/N|Pro|(Post)] + [Nom]", "twolevel": "a:a :[/N|Pro|(Post)] :[Nom]"}]	a	[/Det|Art.Def]	O
tepsiben	""	[{"lemma": "tepsi", "tag": "[/N][Ine]", "morphana": "tepsi[/N]=tepsi+ben[Ine]=ben", "readable": "tepsi[/N] + ben[Ine]", "twolevel": "t:t e:e p:p s:s i:i :[/N] b:b e:e n:n :[Ine]"}]	tepsi	[/N][Ine]	O
,	" "	[{"lemma": ",", "tag": "[Punct]", "morphana": "", "readable": "", "twolevel": ""}]	,	[Punct]	O
azt	" "	[{"lemma": "az", "tag": "[/Det|Pro][Acc]", "morphana": "az[/Det|Pro]=az+t[Acc]=t", "readable": "az[/Det|Pro] + t[Acc]", "twolevel": "a:a z:z :[/Det|Pro] t:t :[Acc]"}, {"lemma": "az", "tag": "[/N|Pro][Acc]", "morphana": "az[/N|Pro]=az+t[Acc]=t", "readable": "az[/N|Pro] + t[Acc]", "twolevel": "a:a z:z :[/N|Pro] t:t :[Acc]"}]	az	[/Det|Pro][Acc]	O
újságpapírba	" "	[{"lemma": "újságpapír", "tag": "[/N][Ill]", "morphana": "új[/Adj]=új+ság[_Nz_Abstr/N]=ság+papír[/N]=papír+ba[Ill]=ba", "readable": "új[/Adj] + ság[_Nz_Abstr/N] + papír[/N] + ba[Ill]", "twolevel": "ú:ú j:j :[/Adj] s:s á:á g:g :[_Nz_Abstr/N] p:p a:a p:p í:í r:r :[/N] b:b a:a :[Ill]"}, {"lemma": "újságpapír", "tag": "[/N][Ill]", "morphana": "újság[/N]=újság+papír[/N]=papír+ba[Ill]=ba", "readable": "újság[/N] + papír[/N] + ba[Ill]", "twolevel": "ú:ú j:j s:s á:á g:g :[/N] p:p a:a p:p í:í r:r :[/N] b:b a:a :[Ill]"}, {"lemma": "újságpapír", "tag": "[/N][Ill]", "morphana": "újságpapír[/N]=újságpapír+ba[Ill]=ba", "readable": "újságpapír[/N] + ba[Ill]", "twolevel": "ú:ú j:j s:s á:á g:g p:p a:a p:p í:í r:r :[/N] b:b a:a :[Ill]"}]	újságpapír	[/N][Ill]	O
csomagolva	" "	[{"lemma": "csomagol", "tag": "[/V][_AdvPtcp/Adv]", "morphana": "csomagol[/V]=csomagol+va[_AdvPtcp/Adv]=va", "readable": "csomagol[/V] + va[_AdvPtcp/Adv]", "twolevel": "c:c s:s o:o m:m a:a g:g o:o l:l :[/V] v:v a:a :[_AdvPtcp/Adv]"}]	csomagol	[/V][_AdvPtcp/Adv]	O
letette	" "	[{"lemma": "letesz", "tag": "[/V][Pst.Def.3Sg]", "morphana": "le[/Prev]=le+tesz[/V]=te+tte[Pst.Def.3Sg]=tte", "readable": "le[/Prev] + tesz[/V]=te + tte[Pst.Def.3Sg]", "twolevel": "l:l e:e :[/Prev] t:t e:e :s :z :[/V] t:t t:t e:e :[Pst.Def.3Sg]"}, {"lemma": "letette", "tag": "[/N][Nom]", "morphana": "le[/Prev]=le+tesz[/V]=te+tte[_Ger:tA/N]=tte+[Nom]=", "readable": "le[/Prev] + tesz[/V]=te + tte[_Ger:tA/N] + [Nom]", "twolevel": "l:l e:e :[/Prev] t:t e:e :s :z :[/V] t:t t:t e:e :[_Ger:tA/N] :[Nom]"}, {"lemma": "letette", "tag": "[/Adj][Nom]", "morphana": "le[/Prev]=le+tesz[/V]=te+tte[_PerfPtcp_Subj=tA/Adj]=tte+[Nom]=", "readable": "le[/Prev] + tesz[/V]=te + tte[_PerfPtcp_Subj=tA/Adj] + [Nom]", "twolevel": "l:l e:e :[/Prev] t:t e:e :s :z :[/V] t:t t:t e:e :[_PerfPtcp_Subj=tA/Adj] :[Nom]"}]	letesz	[/V][Pst.Def.3Sg]	O
az	" "	[{"lemma": "az", "tag": "[/Det|Art.Def]", "morphana": "az[/Det|Art.Def]=az", "readable": "az[/Det|Art.Def]", "twolevel": "a:a z:z :[/Det|Art.Def]"}, {"lemma": "az", "tag": "[/Det|Pro][Nom]", "morphana": "az[/Det|Pro]=az+[Nom]=", "readable": "az[/Det|Pro] + [Nom]", "twolevel": "a:a z:z :[/Det|Pro] :[Nom]"}, {"lemma": "az", "tag": "[/N|Pro][Nom]", "morphana": "az[/N|Pro]=az+[Nom]=", "readable": "az[/N|Pro] + [Nom]", "twolevel": "a:a z:z :[/N|Pro] :[Nom]"}]	az	[/Det|Art.Def]	O
ülése	" "	[{"lemma": "ülés", "tag": "[/N][Poss.3Sg][Nom]", "morphana": "ül[/V]=ül+és[_Ger/N]=és+e[Poss.3Sg]=e+[Nom]=", "readable": "ül[/V] + és[_Ger/N] + e[Poss.3Sg] + [Nom]", "twolevel": "ü:ü l:l :[/V] é:é s:s :[_Ger/N] e:e :[Poss.3Sg] :[Nom]"}, {"lemma": "ülés", "tag": "[/N][Poss.3Sg][Nom]", "morphana": "ülés[/N]=ülés+e[Poss.3Sg]=e+[Nom]=", "readable": "ülés[/N] + e[Poss.3Sg] + [Nom]", "twolevel": "ü:ü l:l é:é s:s :[/N] e:e :[Poss.3Sg] :[Nom]"}]	ülés	[/N][Poss.3Sg][Nom]	O
mellé	""	[{"lemma": "mellé", "tag": "[/Post][3Sg]", "morphana": "ő[/N|Pro]=+mellé[/Post]=mellé+[3Sg]=", "readable": "ő[/N|Pro]= + mellé[/Post] + [3Sg]", "twolevel": ":ő :[/N|Pro] m:m e:e l:l l:l é:é :[/Post] :[ :3 :S :g :]"}, {"lemma": "mell", "tag": "[/N][AnP][Nom]", "morphana": "mell[/N]=mell+é[AnP]=é+[Nom]=", "readable": "mell[/N] + é[AnP] + [Nom]", "twolevel": "m:m e:e l:l l:l :[/N] é:é :[AnP] :[Nom]"}, {"lemma": "mell", "tag": "[/N][Transl]", "morphana": "mell[/N]=mell+é[Transl]=é", "readable": "mell[/N] + é[Transl]", "twolevel": "m:m e:e l:l l:l :[/N] é:é :[Transl]"}, {"lemma": "mellé", "tag": "[/Adv]", "morphana": "mellé[/Adv]=mellé", "readable": "mellé[/Adv]", "twolevel": "m:m e:e l:l l:l é:é :[/Adv]"}, {"lemma": "mellé", "tag": "[/Post]", "morphana": "mellé[/Post]=mellé", "readable": "mellé[/Post]", "twolevel": "m:m e:e l:l l:l é:é :[/Post]"}, {"lemma": "mellé", "tag": "[/Prev]", "morphana": "mellé[/Prev]=mellé", "readable": "mellé[/Prev]", "twolevel": "m:m e:e l:l l:l é:é :[/Prev]"}]	mellé	[/Post]	O
,	" "	[{"lemma": ",", "tag": "[Punct]", "morphana": "", "readable": "", "twolevel": ""}]	,	[Punct]	O
hogy	" "	[{"lemma": "ahogy", "tag": "[/Adv|Pro|Rel]", "morphana": "ahogy[/Adv|Pro|Rel]=hogy", "readable": "ahogy[/Adv|Pro|Rel]=hogy", "twolevel": "h:a o:h g:o y:g :y :[/Adv|Pro|Rel]"}, {"lemma": "hogy", "tag": "[/Adv|Pro|Int]", "morphana": "hogy[/Adv|Pro|Int]=hogy", "readable": "hogy[/Adv|Pro|Int]", "twolevel": "h:h o:o g:g y:y :[/Adv|Pro|Int]"}, {"lemma": "hogy", "tag": "[/Cnj]", "morphana": "hogy[/Cnj]=hogy", "readable": "hogy[/Cnj]", "twolevel": "h:h o:o g:g y:y :[/Cnj]"}]	hogy	[/Cnj]	O
kárba	" "	[{"lemma": "kár", "tag": "[/N][Ill]", "morphana": "kár[/N]=kár+ba[Ill]=ba", "readable": "kár[/N] + ba[Ill]", "twolevel": "k:k á:á r:r :[/N] b:b a:a :[Ill]"}]	kár	[/N][Ill]	O
ne	" "	[{"lemma": "ne", "tag": "[/Adv]", "morphana": "ne[/Adv]=ne", "readable": "ne[/Adv]", "twolevel": "n:n e:e :[/Adv]"}, {"lemma": "ne", "tag": "[/Inj-Utt]", "morphana": "ne[/Inj-Utt]=ne", "readable": "ne[/Inj-Utt]", "twolevel": "n:n e:e :[/Inj-Utt]"}]	ne	[/Adv]	O
vesszen	""	[{"lemma": "veszik", "tag": "[/V][Sbjv.NDef.3Sg]", "morphana": "veszik[/V]=vess+zen[Sbjv.NDef.3Sg]=zen", "readable": "veszik[/V]=vess + zen[Sbjv.NDef.3Sg]", "twolevel": "v:v e:e s:s s:z :i :k :[/V] z:z e:e n:n :[Sbjv.NDef.3Sg]"}, {"lemma": "veszt", "tag": "[/V][Sbjv.NDef.3Sg]", "morphana": "veszt[/V]=vess+zen[Sbjv.NDef.3Sg]=zen", "readable": "veszt[/V]=vess + zen[Sbjv.NDef.3Sg]", "twolevel": "v:v e:e s:s s:z :t :[/V] z:z e:e n:n :[Sbjv.NDef.3Sg]"}]	veszt	[/V][Sbjv.NDef.3Sg]	O
.	" "	[{"lemma": ".", "tag": "[Punct]", "morphana": "", "readable": "", "twolevel": ""}]	.	[Punct]	O

Jó	" "	[{"lemma": "jó", "tag": "[/Adj][Nom]", "morphana": "jó[/Adj]=jó+[Nom]=", "readable": "jó[/Adj] + [Nom]", "twolevel": "j:j ó:ó :[/Adj] :[Nom]"}, {"lemma": "jó", "tag": "[/Adv]", "morphana": "jó[/Adv]=jó", "readable": "jó[/Adv]", "twolevel": "j:j ó:ó :[/Adv]"}, {"lemma": "jó", "tag": "[/Inj-Utt]", "morphana": "jó[/Inj-Utt]=jó", "readable": "jó[/Inj-Utt]", "twolevel": "j:j ó:ó :[/Inj-Utt]"}]	jó	[/Adj][Nom]	O
lesz	" "	[{"lemma": "lesz", "tag": "[/V][Prs.NDef.3Sg]", "morphana": "lesz[/V]=lesz+[Prs.NDef.3Sg]=", "readable": "lesz[/V] + [Prs.NDef.3Sg]", "twolevel": "l:l e:e s:s z:z :[/V] :[Prs.NDef.3Sg]"}]	lesz	[/V][Prs.NDef.3Sg]	O
az	" "	[{"lemma": "az", "tag": "[/Det|Art.Def]", "morphana": "az[/Det|Art.Def]=az", "readable": "az[/Det|Art.Def]", "twolevel": "a:a z:z :[/Det|Art.Def]"}, {"lemma": "az", "tag": "[/Det|Pro][Nom]", "morphana": "az[/Det|Pro]=az+[Nom]=", "readable": "az[/Det|Pro] + [Nom]", "twolevel": "a:a z:z :[/Det|Pro] :[Nom]"}, {"lemma": "az", "tag": "[/N|Pro][Nom]", "morphana": "az[/N|Pro]=az+[Nom]=", "readable": "az[/N|Pro] + [Nom]", "twolevel": "a:a z:z :[/N|Pro] :[Nom]"}]	az	[/Det|Pro][Nom]	O
még	""	[{"lemma": "még", "tag": "[/Adv]", "morphana": "még[/Adv]=még", "readable": "még[/Adv]", "twolevel": "m:m é:é g:g :[/Adv]"}]	még	[/Adv]	O
,	" "	[{"lemma": ",", "tag": "[Punct]", "morphana": "", "readable": "", "twolevel": ""}]	,	[Punct]	O
gondolta	""	[{"lemma": "gondolta", "tag": "[/N][Poss.3Sg][Nom]", "morphana": "gondol[/V]=gondol+ta[_Ger:tA/N]=t+a[Poss.3Sg]=a+[Nom]=", "readable": "gondol[/V] + ta[_Ger:tA/N]=t + a[Poss.3Sg] + [Nom]", "twolevel": "g:g o:o n:n d:d o:o l:l :[/V] t:t :a :[_Ger:tA/N] a:a :[Poss.3Sg] :[Nom]"}, {"lemma": "gondol", "tag": "[/V][Pst.Def.3Sg]", "morphana": "gondol[/V]=gondol+ta[Pst.Def.3Sg]=ta", "readable": "gondol[/V] + ta[Pst.Def.3Sg]", "twolevel": "g:g o:o n:n d:d o:o l:l :[/V] t:t a:a :[Pst.Def.3Sg]"}, {"lemma": "gondolta", "tag": "[/Adj][Nom]", "morphana": "gondol[/V]=gondol+ta[_PerfPtcp_Subj=tA/Adj]=ta+[Nom]=", "readable": "gondol[/V] + ta[_PerfPtcp_Subj=tA/Adj] + [Nom]", "twolevel": "g:g o:o n:n d:d o:o l:l :[/V] t:t a:a :[_PerfPtcp_Subj=tA/Adj] :[Nom]"}]	gondol	[/V][Pst.Def.3Sg]	O
,	" "	[{"lemma": ",", "tag": "[Punct]", "morphana": "", "readable": "", "twolevel": ""}]	,	[Punct]	O
valakinek	""	[{"lemma": "valaki", "tag": "[/N|Pro][Dat]", "morphana": "valaki[/N|Pro]=valaki+nek[Dat]=nek", "readable": "valaki[/N|Pro] + nek[Dat]", "twolevel": "v:v a:a l:l a:a k:k i:i :[/N|Pro] n:n e:e k:k :[Dat]"}]	valaki	[/N|Pro][Dat]	O
.	"\n\n"	[{"lemma": ".", "tag": "[Punct]", "morphana": "", "readable": "", "twolevel": ""}]	.	[Punct]	O

És	" "	[{"lemma": "és", "tag": "[/Cnj]", "morphana": "és[/Cnj]=és", "readable": "és[/Cnj]", "twolevel": "é:é s:s :[/Cnj]"}]	és	[/Cnj]	O
most	" "	[{"lemma": "most", "tag": "[/Adv]", "morphana": "most[/Adv]=most", "readable": "most[/Adv]", "twolevel": "m:m o:o s:s t:t :[/Adv]"}]	most	[/Adv]	O
viszi	""	[{"lemma": "viszi", "tag": "[/Adj][Nom]", "morphana": "Visz[/N]=visz+i[_Adjz:i/Adj]=i+[Nom]=", "readable": "Visz[/N]=visz + i[_Adjz:i/Adj] + [Nom]", "twolevel": "v:V i:i s:s z:z :[/N] i:i :[_Adjz:i/Adj] :[Nom]"}, {"lemma": "visz", "tag": "[/V][Prs.Def.3Sg]", "morphana": "visz[/V]=visz+i[Prs.Def.3Sg]=i", "readable": "visz[/V] + i[Prs.Def.3Sg]", "twolevel": "v:v i:i s:s z:z :[/V] i:i :[Prs.Def.3Sg]"}]	visz	[/V][Prs.Def.3Sg]	O
!	"\n\n"	[{"lemma": "!", "tag": "[Punct]", "morphana": "", "readable": "", "twolevel": ""}]	!	[Punct]	O

